{"type":"FeatureCollection","metadata":{"source":"Arkansas GIS Office (GeoStor) — OZARKNFS_TRAILS_NFS, layer 14","sourceUrl":"https://gis.arkansas.gov/arcgis/rest/services/FEATURESERVICES/Transportation/FeatureServer/14","upstream":"USFS National Forest System Trails (Ozark–St. Francis NF)","license":"Public domain (USFS/CC0); state mirror","system":"Brock Creek Multi-Use Trail System","fetchedFor":"POC — offroad-parks trail overlay","crs":"EPSG:4326"},"features":[{"type":"Feature","properties":{"name":"BROCK CREEK #47","id":"2329","atv":"open","motorcycle":"open","fourwd_gt50":null,"other_wheeled_ohv":"open","seasonal":"yearlong","trail_class":"TC3 - DEVELOPED"},"geometry":{"type":"LineString","coordinates":[[-92.80841288123334,35.50589025569311],[-92.80812504170632,35.50568115968931],[-92.80768762335347,35.50539946856735],[-92.80713089855435,35.50505957371657],[-92.80676549317512,35.50483135680578],[-92.8064654018522,35.50464396016326],[-92.80607838406203,35.50437002802341],[-92.80578537604553,35.50416259519643],[-92.8053716405751,35.50383754281303],[-92.8052338730397,35.50372926106128],[-92.80440894776822,35.5030243121506],[-92.80419152742769,35.50275954007293],[-92.80370271266884,35.50216445215361],[-92.80364527780549,35.50208704881017],[-92.80276090398154,35.5008948440746],[-92.80227828208203,35.50003216876895],[-92.80223153364365,35.49998253648205],[-92.80211116608804,35.49988870541739],[-92.80200397086006,35.49983882240573],[-92.80180937210436,35.49979407322146],[-92.80171562664025,35.499744286883946],[-92.80164859769715,35.499711063855834],[-92.80154167835634,35.49962274638765],[-92.80141457310118,35.499528865671884],[-92.80133440017163,35.49945715748124],[-92.80124121067752,35.49931399675384],[-92.80116808568887,35.499187372248116],[-92.80106252419107,35.49887394073052],[-92.80100245105274,35.49880779628384],[-92.80096259541264,35.49873624088774],[-92.80093597331508,35.49869772820081],[-92.80090258267293,35.49865909884391],[-92.80084927892722,35.498587492363754],[-92.80082342853453,35.49842265902386],[-92.80079717636752,35.49832369457448],[-92.80077815656676,35.49814240172241],[-92.80075855241006,35.49805446121215],[-92.80075929396176,35.49793364971813],[-92.80071990224624,35.49778522688087],[-92.80069377414283,35.49766429075217],[-92.80065416676796,35.497548814489434],[-92.80060772775593,35.4974552618065],[-92.80055482244794,35.49732324947666],[-92.80054128073343,35.49730220920379]]}},{"type":"Feature","properties":{"name":"BROCK CREEK #45","id":"2344","atv":"open","motorcycle":"open","fourwd_gt50":null,"other_wheeled_ohv":"open","seasonal":"yearlong","trail_class":"TC3 - DEVELOPED"},"geometry":{"type":"LineString","coordinates":[[-92.79438339459224,35.52205086729662],[-92.79458777261262,35.52185761732295],[-92.7947314482258,35.52182781213296],[-92.79493591136902,35.52160271401094],[-92.79504513454216,35.5214853442246],[-92.79501465657616,35.52122469243069],[-92.79499650544281,35.52098593234638],[-92.79498824347407,35.5207452612988],[-92.79462469908965,35.52027529032413],[-92.79408565333848,35.519578473670514],[-92.79383811572733,35.51939709573897],[-92.79377947485223,35.51934989793911],[-92.79367080225293,35.51937235020595],[-92.79342560077814,35.5196537990905],[-92.79317044961172,35.519931342422396],[-92.79311142735956,35.51999021909894],[-92.792746784611,35.520172775348826],[-92.79265111748956,35.52004281539871],[-92.79253920556071,35.5197626659834],[-92.79234547572138,35.519508690721395],[-92.7921670028753,35.519357116454856],[-92.7919557120867,35.51917869596031],[-92.79179184005342,35.51907986305292],[-92.79147260446287,35.5186580159006],[-92.79144705230301,35.51821446526943],[-92.79140959710269,35.517992222132165],[-92.79137658338624,35.517841137948665],[-92.79123332029856,35.517555007264356],[-92.79114467336954,35.517389088095065],[-92.7909284510336,35.51719932779436],[-92.79053255459303,35.51702565833398],[-92.79052156618947,35.51702295860218]]}},{"type":"Feature","properties":{"name":"BROCK CREEK #51","id":"2327","atv":"open","motorcycle":"open","fourwd_gt50":null,"other_wheeled_ohv":"open","seasonal":"yearlong","trail_class":"TC3 - DEVELOPED"},"geometry":{"type":"LineString","coordinates":[[-92.8010860063601,35.490267764343734],[-92.80109389888078,35.49040114867735],[-92.80114729100433,35.490456270965254],[-92.80118738840822,35.4904894165791],[-92.80123410206717,35.49053904928153],[-92.8012942326734,35.49059421957143],[-92.80136094979751,35.49066589941864],[-92.80142754352448,35.49075955180426],[-92.80146754888483,35.49080915894844],[-92.80150078231611,35.49086971472942],[-92.80152715892254,35.49094121991447],[-92.80154694655332,35.491001723810136],[-92.8015665798608,35.491084202029526],[-92.80158609336434,35.49118314001942],[-92.80161243760033,35.491265643690355],[-92.8016453671433,35.491370119234915],[-92.80163810402127,35.49145798217213],[-92.8016374273058,35.49156779534952],[-92.80161675283584,35.491644634067896],[-92.80160284329392,35.49172147308457],[-92.80156197718516,35.49180918608261],[-92.80153462046623,35.49188595157912],[-92.80150064730167,35.49194622998458],[-92.80143953414063,35.492044841464924],[-92.80139891336785,35.4920940968162],[-92.8013246593985,35.49214871220565],[-92.80129758053604,35.49217607024246],[-92.80121670398165,35.49222517357581],[-92.80114251104158,35.49226879219629],[-92.8010819475296,35.49228502430376],[-92.80100778563224,35.49232315533408],[-92.80096066927646,35.49233943931076],[-92.80086643877323,35.49237198286729],[-92.80079240032768,35.492388165540476],[-92.80070491104796,35.492409760312285],[-92.80061736037464,35.492442352576155],[-92.8005702460784,35.49245863550157],[-92.80051635984417,35.49248038124593],[-92.80046918452841,35.492502152490125],[-92.80041529789987,35.492529384844396],[-92.80034766046101,35.492595023555964],[-92.80033405821847,35.49262240817973],[-92.80031347118978,35.492688247343686],[-92.80029934529159,35.492798033722295],[-92.80029208172904,35.492885873111],[-92.80028488314234,35.49295725083563],[-92.80024416753885,35.49302296740161],[-92.80017664822661,35.493077631994154],[-92.80013621103207,35.493099427788636],[-92.8000350906946,35.493148453507004],[-92.80000025213951,35.49317065616949],[-92.79981247107756,35.49329030370945],[-92.79970476029733,35.493328306132675],[-92.79961037695054,35.493377333658515],[-92.7995159319885,35.49343735956426],[-92.79941477585876,35.49349735891083],[-92.79939437303416,35.493535716248495],[-92.799205726805,35.49361731006983],[-92.7990978311818,35.49368277106254],[-92.79900338971935,35.49373179891432],[-92.79892915643758,35.4937919004005],[-92.79883471048706,35.493851924864046],[-92.79872681314515,35.49391738642026],[-92.79862559693181,35.49398287255433],[-92.79851763656615,35.49405930802667],[-92.79837595040308,35.494152100126904],[-92.79828171943626,35.49417915499506],[-92.79814696295227,35.49422802820704],[-92.79805934112422,35.494282567802465],[-92.7979649567091,35.49433161747163],[-92.79787746295732,35.49435869772988],[-92.79776285688698,35.49441864519594],[-92.79768875042676,35.4944512867045],[-92.79760787493227,35.494489389942274],[-92.7975067486384,35.4945438776272],[-92.7974124843499,35.494576441854754],[-92.79731825140621,35.4946035194073],[-92.79725786528913,35.494631960279676],[-92.79723731825302,35.494641622298346],[-92.79718351959542,35.49465785478945],[-92.79712298326803,35.49467408584651],[-92.79709596506697,35.494690445375014],[-92.79698794324372,35.49477238945932],[-92.7969000474284,35.49485989815877],[-92.79685265340596,35.49491461367707],[-92.79680528688277,35.49496932922242],[-92.7967240692483,35.49506235011594],[-92.79666307095367,35.495144496641984],[-92.7965817899726,35.4952485158825],[-92.79651423771536,35.49530315399781],[-92.79642677379269,35.49532479257971],[-92.79629880937497,35.495373642712345],[-92.79615792373313,35.49534008723247],[-92.79607727007408,35.495334269537835],[-92.79597656819074,35.495333882904625],[-92.79584869811313,35.49536624841535],[-92.79575427845995,35.49542078383697],[-92.79557907190933,35.49550242355183],[-92.79545089076277,35.49558426626775],[-92.7953832438407,35.49565538878889],[-92.7952749084143,35.495786738613084],[-92.79522073653641,35.49585791275605],[-92.79513250003428,35.49598936418159],[-92.7950441034889,35.496153761328024],[-92.79498937456715,35.49630731263972],[-92.79492790769858,35.49646083894572],[-92.79489352202681,35.49658700775106],[-92.79484571970809,35.49670770945935],[-92.79479766968164,35.496866796546],[-92.7947227519305,35.49702022501702],[-92.79459431861495,35.497140499975636],[-92.79446625523973,35.4972058566181],[-92.79429809877097,35.497232624611605],[-92.79413670948863,35.49725390734726],[-92.79392149142845,35.49729144608771],[-92.79383384074343,35.497335008324136],[-92.7936521682923,35.49737818432135],[-92.79341685788597,35.49739913677607],[-92.79326866763054,35.49745892684833],[-92.79311383142053,35.49750771671283],[-92.79294551306862,35.49756191939984],[-92.79282413039822,35.49762730018238],[-92.79270935940063,35.49771470191905],[-92.7925947765434,35.49776913347324],[-92.79229174550342,35.49787766534161],[-92.7921773507716,35.497904661767095],[-92.79210336597569,35.49791535162319],[-92.7919822905422,35.49793678658533],[-92.79180077370907,35.4979525024599],[-92.79165292807203,35.49795739578003],[-92.79151191371078,35.49794578306646],[-92.79136459763284,35.49786825186633],[-92.79125750728434,35.49780189773339],[-92.79105648961192,35.49771864863288],[-92.79094274893488,35.49764675637953],[-92.79084217824115,35.497613374550816],[-92.79074120179713,35.49764039738363],[-92.79072057167149,35.497717209869805],[-92.79078709826184,35.49781635544288],[-92.79084042447373,35.49788245630755],[-92.79090660604035,35.49803656599487],[-92.79095977738241,35.49812466182556],[-92.79101282130404,35.49823475360152],[-92.79104595863917,35.49830628621404],[-92.79106570722784,35.49837227922832],[-92.79107207137251,35.49842722436899],[-92.7911920819174,35.49857054485495],[-92.79127227670091,35.498636794807744],[-92.79133216023405,35.49872493994845],[-92.79139899827373,35.498780141120186],[-92.79154627991512,35.49886866985334],[-92.79165343984067,35.49891853864709],[-92.79176050326349,35.49898491671792],[-92.79185402424088,35.49906770422872],[-92.79190039256079,35.49917225866329],[-92.79195343857488,35.49928230132346],[-92.7919797118573,35.499375827938415],[-92.79200583372979,35.499485768246174],[-92.79201197707879,35.49957916907955],[-92.79200498466895,35.499623087182385],[-92.7919912861579,35.4996614457615],[-92.79197062796635,35.499738281831775],[-92.79196354131288,35.49979863807359],[-92.79194959240951,35.49987550013331],[-92.7919424144592,35.49994687729989],[-92.79193523649586,35.50001825446513],[-92.79192821650012,35.500062149069294],[-92.79191891227362,35.50008579278461],[-92.79188078939772,35.50024474424738],[-92.79179437158665,35.50033870761896],[-92.79170819786351,35.50046019655703],[-92.79163601133862,35.50063650933927],[-92.79157101837593,35.500862205309424],[-92.7915261570347,35.501082305108305],[-92.79144712286816,35.50124769033839],[-92.79131411506691,35.501385924027915],[-92.7912217138906,35.501556882629906],[-92.79107476994143,35.50165128892517],[-92.79094730850564,35.50166856229342],[-92.79090022937183,35.501668872034315],[-92.79085231726461,35.50157579100602],[-92.79081108730652,35.50148268908324],[-92.79075629928585,35.50137858673229],[-92.7906464869775,35.50114304117802],[-92.79061781116746,35.500961902308894],[-92.79060217607514,35.50074217665455],[-92.79056701159415,35.500577588331204],[-92.79050589459538,35.50051202837111],[-92.79034439790611,35.50049111679504],[-92.79018352373056,35.50053062593152],[-92.79003622960195,35.50058655531155],[-92.78988890992946,35.50063697257235],[-92.78970146480191,35.500709647715176],[-92.7895338803335,35.50074917764822],[-92.78931299232406,35.50083857928651],[-92.78907935916853,35.500993953088845],[-92.78881233427572,35.501177051070535],[-92.78854509230307,35.50133817714194],[-92.78822363592255,35.501444671914754],[-92.78796178451628,35.50146833161702],[-92.78769317145112,35.50148659409468],[-92.78738448714626,35.50152708991348],[-92.78716316481305,35.50157252423349],[-92.78693583059167,35.50168937401452],[-92.78668184461296,35.50182841677237],[-92.78630761390352,35.50203966529383],[-92.78610799714086,35.50215588273323],[-92.7859735344864,35.502234167781005],[-92.7858092311197,35.50235004431372],[-92.78575331036028,35.50238944796956],[-92.78553992664591,35.50256116738527],[-92.78531349858048,35.50277147439932],[-92.78511385834082,35.50297063088851],[-92.78497121098795,35.50315837343751],[-92.78482498051517,35.503324168253236],[-92.78465171776573,35.50347916316075],[-92.78443162248371,35.50364548474245],[-92.78424467510649,35.50376755457662],[-92.78403141967618,35.503953045367595],[-92.78381899524696,35.50421815175037],[-92.78371374502728,35.50444966085869],[-92.7836217534267,35.50466450739768],[-92.7834698774546,35.504940309077995],[-92.78336251192422,35.50507349900883],[-92.78322998985567,35.505150675382325],[-92.78306878249472,35.50515720944287],[-92.78285349012003,35.505131102997275],[-92.7826109823685,35.5050722977777],[-92.78255993006549,35.5050490230228],[-92.78236125971118,35.50495845934725],[-92.78217888027328,35.5048607601127],[-92.78194888521514,35.50470840747988],[-92.78169234759685,35.50458366140557],[-92.78150911174042,35.50466516859739],[-92.78128092089943,35.50478385810601],[-92.78106836530785,35.50490706946018],[-92.78089889889797,35.505027782634],[-92.7807697593069,35.505119748877526],[-92.78070978008952,35.50537435802076]]}},{"type":"Feature","properties":{"name":"BROCK CREEK #43","id":"2322","atv":"open","motorcycle":"open","fourwd_gt50":null,"other_wheeled_ohv":"open","seasonal":"yearlong","trail_class":"TC3 - DEVELOPED"},"geometry":{"type":"LineString","coordinates":[[-92.81247515071361,35.51142350410854],[-92.81245559160472,35.5114236360034],[-92.81120037700637,35.51161283047746],[-92.81008848064772,35.51197798586134],[-92.80945972417203,35.51253669469939],[-92.80896060465491,35.512933495011495],[-92.8086156420292,35.51343659365104],[-92.80833488637934,35.513796202079895],[-92.8083155564206,35.51404672359562],[-92.808253680295,35.514422726337585],[-92.80786624473821,35.51505132565998],[-92.80773967128373,35.51551718780317],[-92.80739630376377,35.51618126051603],[-92.80715766582286,35.516379594634145],[-92.8065468138149,35.51654464836118],[-92.80600283459896,35.51683447172073],[-92.80528505345457,35.517250625849414],[-92.80482874112562,35.517557719688966],[-92.80467615837694,35.5176124166012],[-92.80454401900782,35.51752384928275],[-92.804542410685,35.51736294088734],[-92.80467150806867,35.51714741122442],[-92.80482355357262,35.51703910853249],[-92.80471341136095,35.51696828028033],[-92.80429947183337,35.517131984856036],[-92.80403731427519,35.51716952749495],[-92.80368858070844,35.517297047450484],[-92.80346551287343,35.51747084269072],[-92.80334127268857,35.51756763956151],[-92.80301673002597,35.51792752728514],[-92.80282358050184,35.51830440082806],[-92.80265286734121,35.518734803830654],[-92.80245813657352,35.51895072061648],[-92.8021750173646,35.51907780077393],[-92.80193493164431,35.51913305306039],[-92.80156196755786,35.51902822293794],[-92.8011678708198,35.518995071663554],[-92.80077504881221,35.519087106579825],[-92.80016164402511,35.51900175289159],[-92.79990000933823,35.519092914810145],[-92.79946447348118,35.51929253880179],[-92.79924783140174,35.51950859697881],[-92.79905344491975,35.51976030038469],[-92.79892468260454,35.520011544825145],[-92.79886118873253,35.52022656357915],[-92.7987760258878,35.52045970387155],[-92.79864353270378,35.52054533749496],[-92.79858036473834,35.52058617212301],[-92.79846886032226,35.52037226607857],[-92.79833601544331,35.520212179787805],[-92.79822628578061,35.520177136123934],[-92.79816042716268,35.52015968692758],[-92.79800821858719,35.52025011978964],[-92.7977910660202,35.52041252269081],[-92.79755614444437,35.52038666924623],[-92.79748446275717,35.5203787810802],[-92.79735144199677,35.52020080889161],[-92.7973279719,35.52003999811315],[-92.7971086929033,35.51998779367718],[-92.79684723041811,35.52009683195668],[-92.79669640780831,35.520330334452574],[-92.7966110324285,35.52054552069874],[-92.79659305250935,35.52093913465601],[-92.79653008237275,35.52120782731519],[-92.79651157121249,35.52154776693178],[-92.79640754237145,35.522013742052955],[-92.79640486182466,35.52202178308113],[-92.79638994563395,35.52206252125502],[-92.79636215613205,35.52213819612916],[-92.7962154038995,35.52256921981635],[-92.79612949324748,35.52273075299407],[-92.79591321558462,35.52298257196583],[-92.79571825145253,35.52318059547107],[-92.79549984874406,35.52321782930153],[-92.7953456878801,35.52311151317909],[-92.79514736457617,35.5229697396539],[-92.79516747359031,35.52279075645715],[-92.79520927986825,35.52259374434267],[-92.79520804281785,35.522468533513475],[-92.7951847537156,35.5223256063046],[-92.794900196285,35.52230957359057],[-92.7947472455418,35.522328490925595],[-92.79459196993304,35.52211489189317],[-92.79438339459224,35.52205086729662],[-92.79430670797869,35.52202734647194],[-92.79400151240299,35.522136667315486],[-92.79356506279294,35.52224685113394],[-92.79317339296315,35.522464048460066],[-92.79286942762344,35.52269857815783],[-92.7928046809244,35.52278842871531],[-92.79285125102525,35.523074283995015],[-92.79248376893935,35.523523827157995],[-92.79240154917275,35.52406091974235],[-92.79223114791607,35.52452709866443],[-92.79229939006231,35.52479497344934],[-92.79241088321379,35.52500881557562],[-92.79240035749574,35.525073980553806],[-92.79239059186833,35.525169914318674],[-92.7923359265194,35.525683384552835]]}},{"type":"Feature","properties":{"name":"BROCK CREEK #28","id":"2337","atv":null,"motorcycle":"open","fourwd_gt50":null,"other_wheeled_ohv":null,"seasonal":"yearlong","trail_class":"TC3 - DEVELOPED"},"geometry":{"type":"LineString","coordinates":[[-92.79240035749574,35.525073980553806],[-92.79269545623688,35.52507204097914],[-92.79291000263954,35.52510952922864],[-92.79307675183607,35.525127905490336],[-92.79319630406239,35.525185491520475],[-92.793244457231,35.52524352221216],[-92.79322239405296,35.52541875885023],[-92.79312950608555,35.52565281038963],[-92.7930130209981,35.52590646590661],[-92.7929669761163,35.52606243514256],[-92.79301628139406,35.52623720180411],[-92.79318325008724,35.52627497939636],[-92.79346917031761,35.526312020962116],[-92.79365916394963,35.526271847905704],[-92.79375470839791,35.52631014177921],[-92.79389827175582,35.526386994338594],[-92.79404180885439,35.526463871026685],[-92.7941129864674,35.52644395216471],[-92.79437457118975,35.52642277920109],[-92.79449332861114,35.526402571536195],[-92.79463670200205,35.526459951462925],[-92.7947086485864,35.526517849851665],[-92.7947800754784,35.52651737810566],[-92.79485103228191,35.526477988805375],[-92.79492185424223,35.52641917378799],[-92.79506270191754,35.52622372687837],[-92.79525192491133,35.52610573550632],[-92.79556067381449,35.52604535091614],[-92.79582165035079,35.52596578382706],[-92.79603581593054,35.52596437079591],[-92.7962503673331,35.526001876556414],[-92.7964883234333,35.526000304541135],[-92.79660633749357,35.52590225559512],[-92.79682050400294,35.52590084027026],[-92.79696346430848,35.525919345106885],[-92.79724954907407,35.525975802537666],[-92.79734457323852,35.52595572438295],[-92.79772568135668,35.525992125897055],[-92.79791644430398,35.52602978626411],[-92.79818011830946,35.526222559871464],[-92.79832285903937,35.52622161474062],[-92.79837027352778,35.526201874535694],[-92.79836815177003,35.52598787457494],[-92.7983668004679,35.52585169039883],[-92.79829369458898,35.52567708175676],[-92.79821998064274,35.525444129876774],[-92.7981226708753,35.52523078300898],[-92.79804937325362,35.52503672769198],[-92.79814359500259,35.52493883304431],[-92.798239332892,35.52499657169178],[-92.79831128083462,35.52505444360512],[-92.79838347797987,35.52513178642621],[-92.79850226235287,35.5251115505052],[-92.79854848991059,35.524975075199855],[-92.79852370653416,35.524877945316845],[-92.79845233736097,35.52487841757544],[-92.79835676582442,35.52484015171277],[-92.7983557991851,35.52474288758535],[-92.79840282923794,35.52468422818855],[-92.79847342549044,35.52460593924635],[-92.79849608444303,35.52448906822552],[-92.79847110835112,35.52437249000693],[-92.79847014372167,35.52427525022099],[-92.79842179340056,35.524197748930625],[-92.79846821354543,35.524080698509636],[-92.7985150204132,35.52400259069246],[-92.79858622349262,35.52398264577654],[-92.79872840892531,35.523923331797974],[-92.79879999777106,35.52394233118121],[-92.79882398059706,35.523961621715685],[-92.79882455957053,35.52401998921316],[-92.79880250886599,35.524195226948784],[-92.79882784278801,35.52435067824765],[-92.79894877790409,35.524544419402936],[-92.7989249592358,35.52454457626181],[-92.79899693588908,35.524602471261744],[-92.79906927010867,35.524699262803225],[-92.79909402552926,35.52479634564489],[-92.79916622319789,35.524873688002444],[-92.79928517144289,35.5248728995756],[-92.79935714864793,35.52493079435924],[-92.79945269313608,35.52496908372961],[-92.79950030094714,35.52496876794677],[-92.79959449223905,35.524870849569425],[-92.79964094079936,35.52475382129685],[-92.79968794014623,35.524695161346564],[-92.79980691569897,35.524694372450085],[-92.79992666546188,35.524771375797854],[-92.80004622098696,35.52482895415291],[-92.80009498856283,35.52494535056538],[-92.80023894443127,35.52506111568272],[-92.8003584730357,35.525118693681975],[-92.80043003575663,35.525137692053065],[-92.80059720018394,35.52519493115178],[-92.80055056042998,35.52529251057482],[-92.80055152751282,35.52538977558246],[-92.80057650698159,35.52550632991826],[-92.80064826250731,35.52554475212559],[-92.800719079489,35.52548591023544],[-92.80079006222127,35.52544654001279],[-92.80090845833386,35.5253874050958],[-92.80100364576487,35.5253867732181],[-92.80100480804025,35.525503484732894],[-92.80105393692888,35.52565877822983],[-92.80112591500549,35.52571667195506],[-92.80126829408971,35.525676826756275],[-92.80129208441541,35.52567666848686],[-92.80138804671066,35.52575382864992],[-92.80148439748501,35.52586993224535],[-92.80150954337432,35.52600595808945],[-92.80136832552945,35.52616251506779],[-92.80139385863475,35.5263374141041],[-92.80144243541449,35.526434362544926],[-92.80156257661635,35.52655028341814],[-92.80165790280527,35.5265691226875],[-92.80165867759501,35.526646915017466],[-92.8016588712344,35.526666386768376],[-92.80158811130738,35.52672520584883],[-92.80158849861223,35.526764125005386],[-92.8016840750729,35.526802389211035],[-92.801732236372,35.526860440868454],[-92.80180363597232,35.526859964918756],[-92.80189879646126,35.52685933229326],[-92.80211296436133,35.526857908479194],[-92.80225495845785,35.52677914297448],[-92.80230159702283,35.52668156201091],[-92.8023969522773,35.52670037730069],[-92.80244514160732,35.52675842781938],[-92.8025162899091,35.52673848140688],[-92.80270611367509,35.52667886927249],[-92.80277828892072,35.52675621031707],[-92.80285043458156,35.52683352782607],[-92.80287558417325,35.52696955337387],[-92.80297252058664,35.52714399978305],[-92.8030684862393,35.52722115769953],[-92.80323659957493,35.52737568150447],[-92.80330838781681,35.52741410217541],[-92.80342950373436,35.527627286144195],[-92.80343125186012,35.527802365954805],[-92.80347999743108,35.52791876091604],[-92.80367154434873,35.52803422794212],[-92.80374272111018,35.52801425741476],[-92.80376576391313,35.52793632984405],[-92.80388454894796,35.52791606519415],[-92.80389622402876,35.52791250817838],[-92.80406642045968,35.52786066049447],[-92.80412576128879,35.52768521916425],[-92.80399656676589,35.52748133605175],[-92.80409320286105,35.52739395140811],[-92.80429583480431,35.52728124957935],[-92.80450970748767,35.527210080937195],[-92.80474677224943,35.527210436981015],[-92.80496270375725,35.52716246256415],[-92.80511491359418,35.52712023481365],[-92.8051597631103,35.52706100393321],[-92.8052916106947,35.52701043693589],[-92.80537247907212,35.52708279163633],[-92.80539561992059,35.52718049180061],[-92.80547333959404,35.52730628928262],[-92.80561996355236,35.527393638120294],[-92.80567143011048,35.527484750331766],[-92.80575391194564,35.52761840789072],[-92.80589325859198,35.52768906389177],[-92.80595657274903,35.527782548386426]]}},{"type":"Feature","properties":{"name":"BROCK CREEK #29","id":"2343","atv":null,"motorcycle":"open","fourwd_gt50":null,"other_wheeled_ohv":null,"seasonal":"yearlong","trail_class":"TC3 - DEVELOPED"},"geometry":{"type":"LineString","coordinates":[[-92.82292597353971,35.5314299072591],[-92.8228847861577,35.53149395416025],[-92.82284132118056,35.53159250166004],[-92.82277971597023,35.53174391857967],[-92.82251518456624,35.53176827755109],[-92.82231211886979,35.53165835971345],[-92.82201331928731,35.531454391133266],[-92.82181105902283,35.531518157480576],[-92.82157316680687,35.53141842172156],[-92.82144526782882,35.53125687884688],[-92.82139565171019,35.53116431273323],[-92.82105647621172,35.53109543233193],[-92.82074976628037,35.53110926465114],[-92.82045026862926,35.53093415610827],[-92.82041101952784,35.53090031053382],[-92.82026554543646,35.53081306526253],[-92.8202666145681,35.53071352228951],[-92.82029467003255,35.53064688065819],[-92.82021877747815,35.530573824771125],[-92.82016045150054,35.5305598161299],[-92.82011007321398,35.53054369770012],[-92.82006345361857,35.530517910907406],[-92.81995750277494,35.53043835860423],[-92.81991722011058,35.53039534320784],[-92.81976546321702,35.53026333477152],[-92.81945859070846,35.52993006271379],[-92.81931298606828,35.52975124401855],[-92.81922913108957,35.52973488571456],[-92.81905562734026,35.529635221623],[-92.81898555401776,35.52953032421064],[-92.81896664075373,35.5295046759491],[-92.81891847925917,35.5294115149787],[-92.81890990513762,35.529119084410375],[-92.81878813100991,35.52903078821792],[-92.81855456588046,35.528687093388],[-92.81834401141548,35.52854161217091],[-92.81833304943969,35.52853096955116],[-92.81824567385308,35.52853620912724],[-92.8182315765278,35.5285233932718],[-92.81813019077707,35.528440048414666],[-92.8180870692353,35.52826095349883],[-92.8180031988455,35.52824293615781],[-92.81798829171277,35.5281897091772],[-92.81792771435391,35.5281786562192],[-92.81783716222424,35.528028810810966],[-92.81765460721708,35.527920332575896],[-92.81754028885013,35.52789652257265],[-92.81737451544379,35.52786549518695],[-92.81735640809076,35.52785160829118],[-92.81723447015989,35.52773548040847],[-92.81707848903704,35.527490371833025],[-92.8169393301581,35.52741930794554],[-92.81694047794603,35.5273889001649],[-92.81688844367518,35.52733041408617],[-92.81687236794035,35.52726325537816],[-92.81690779828395,35.52720835544406]]}},{"type":"Feature","properties":{"name":"BROCK CREEK #46","id":"2324","atv":"open","motorcycle":"open","fourwd_gt50":null,"other_wheeled_ohv":"open","seasonal":"yearlong","trail_class":"TC3 - DEVELOPED"},"geometry":{"type":"LineString","coordinates":[[-92.78742076038105,35.51724348594492],[-92.7874641902954,35.51721938702738],[-92.78765267225302,35.5171988697623],[-92.78779470555064,35.51725577673028],[-92.78793714492441,35.51735125296801],[-92.78812578814717,35.51735002006048],[-92.78850345094902,35.51738612274378],[-92.78873888989422,35.517346011769575],[-92.7889975390895,35.51726719819045],[-92.78925596908537,35.51716910066174],[-92.78942029535798,35.517090903995495],[-92.78960874785916,35.51707038362083],[-92.78974910951335,35.51695379508285],[-92.79015035722206,35.51698971461061],[-92.79052156618947,35.51702295860218],[-92.79053255459303,35.51702565833398],[-92.79056806654819,35.51680861614963],[-92.79060002938492,35.51661449532932],[-92.79070693909465,35.51636340298996],[-92.79094526557448,35.51612933368158],[-92.79140288443581,35.51594747913141],[-92.79188181772268,35.51571185182728],[-92.79229515437842,35.51547656051384],[-92.79246803106443,35.515260825320034],[-92.79257563691341,35.515081266986876],[-92.79248620633889,35.51488514249463],[-92.79241240225237,35.514793890490736],[-92.79219833091473,35.51452928522768],[-92.79226183913708,35.51431424638076],[-92.79208453638671,35.51408290443974],[-92.79184305141568,35.513995066100534],[-92.79164390692384,35.51376386704736],[-92.79166261327347,35.51344178830153],[-92.79185658068197,35.51330074915435],[-92.79184014249618,35.51321182826944],[-92.79176987606844,35.51318683906064],[-92.79156063550144,35.513264540320925],[-92.79099519887532,35.51350993405008],[-92.79070043955865,35.51359454475713],[-92.79042803912593,35.513577255774386],[-92.7903956655706,35.51345026393577],[-92.79039291683173,35.51317044704141],[-92.79042981001956,35.51296667426677],[-92.7905758030593,35.51278763696839],[-92.79058027340079,35.51255675877017],[-92.79058184729905,35.5125367147659],[-92.79073161915832,35.51219591594899],[-92.79086232796963,35.512141403383424],[-92.79121126333042,35.5120318034842],[-92.79140653463342,35.51186955558849],[-92.79162314951492,35.51165348863205],[-92.7918625156839,35.511526720959495],[-92.79212430923496,35.511453461152804],[-92.79240829980867,35.511415847569836],[-92.79290854662528,35.51112637357931],[-92.79321232086804,35.510873983631114],[-92.79338394890277,35.51053301328526],[-92.79366670109253,35.51037018653221],[-92.79414506547963,35.5100808980392],[-92.79468995399418,35.509880547616746],[-92.79497093390763,35.50953885391554],[-92.7953183827761,35.50928617122582],[-92.79555758737753,35.509141512224275],[-92.79564507382065,35.50914093460828],[-92.79605677559022,35.508744720412395],[-92.79627478580174,35.50867173999077],[-92.79630116144412,35.508523558665104],[-92.79631625758014,35.50843895914101],[-92.7964003532411,35.50809858670798],[-92.79659259559853,35.5076322795633],[-92.79672010587204,35.50725584845889],[-92.7967190431089,35.50714854471858],[-92.79647686768246,35.506989178880104],[-92.79621122695727,35.50666897777518],[-92.79619360671043,35.50653588903669],[-92.79618758758444,35.5064902824779],[-92.79633838448039,35.50625677999853],[-92.79643652317014,35.5060429800713],[-92.79644543897282,35.506023565995704],[-92.79644402361556,35.50588047086931],[-92.79652814579389,35.50554009643887],[-92.79670098870935,35.505324333072544],[-92.79713559779235,35.50503529770027],[-92.79758903454004,35.50444204188283],[-92.79802275132197,35.50406360686617],[-92.79832698619428,35.50386483290945],[-92.79864114099087,35.50378549064881],[-92.79876332868233,35.50375463207545],[-92.79913583456998,35.503823703796925],[-92.79955246564276,35.503928251652944],[-92.80010118252382,35.50412137136763],[-92.80051814365979,35.5042616846736],[-92.80095593741298,35.504294547664166],[-92.80141575243081,35.5043451468467],[-92.8019202281728,35.50448487348085],[-92.80227033475234,35.50450042988071],[-92.80251073345735,35.50448094457209],[-92.8025093061944,35.50433787288673],[-92.80248583137288,35.50417706267162],[-92.8025501943354,35.50405143772968],[-92.80274598701921,35.50394282305994],[-92.80298531182754,35.50381601048119],[-92.80326909148577,35.50376046377372],[-92.80364124400717,35.50379375457458],[-92.80405770258331,35.50388042637428],[-92.80440977464524,35.504092700131686],[-92.80471810572114,35.5043052870776],[-92.80494074550491,35.50469725126453],[-92.80516267024423,35.505017725178206],[-92.80520837978978,35.50521413341623],[-92.80508216565408,35.50571580742828],[-92.80504128562967,35.5060022424887],[-92.80511083281831,35.50639525176206],[-92.80528693227389,35.506501386400366],[-92.80568183614733,35.50662392036629],[-92.80618379791957,35.50651327816343],[-92.80688244649441,35.50638340793767],[-92.80751688622244,35.50639704515964],[-92.80779998113461,35.50626995207607],[-92.80810348282654,35.50599964112583],[-92.8082773728761,35.5058911648072],[-92.80841288123334,35.50589025569311],[-92.80849608225503,35.5058896980132],[-92.80937382507108,35.50616997102386],[-92.80968181725528,35.506346754835874],[-92.80979117310768,35.506346020218224],[-92.81007516526924,35.50630834153235],[-92.81022700242804,35.506182125256714],[-92.81035732705197,35.50609180009757],[-92.81035426727395,35.50578777295211],[-92.81037433698121,35.50560878658794],[-92.81028523267656,35.505448418433986],[-92.81019540937652,35.50521651440414],[-92.810194770372,35.505153010775075],[-92.81019396957767,35.505073443687785],[-92.81014932862992,35.504984317571974],[-92.81019252978486,35.50493037206635],[-92.81032393430993,35.5049473740832],[-92.81058728247402,35.505035028641345],[-92.81076278754804,35.50508752772103],[-92.81093703377867,35.50501479199894],[-92.81133073323879,35.50501214247314],[-92.81146159751437,35.50497549139647],[-92.81170317329901,35.50489451934077]]}},{"type":"Feature","properties":{"name":"BROCK CREEK #20","id":"2331","atv":null,"motorcycle":"open","fourwd_gt50":null,"other_wheeled_ohv":null,"seasonal":"yearlong","trail_class":"TC3 - DEVELOPED"},"geometry":{"type":"LineString","coordinates":[[-92.8077220892308,35.49103806750124],[-92.80776112254838,35.49113271841484],[-92.8077848008845,35.49118502410381],[-92.80778854170643,35.49123916809298],[-92.80798202910367,35.49128872442273],[-92.80805859737124,35.4912888417336],[-92.80824126279218,35.49130968119997],[-92.80832513075924,35.49133160419126],[-92.80842287736183,35.49132830963164],[-92.80847989593097,35.49133455854539],[-92.808688425313,35.49130693939285],[-92.80876589874028,35.49132334724826],[-92.80884956056417,35.49133322324623],[-92.80892163816979,35.491340887081414],[-92.80897511803968,35.49138428434415],[-92.80898963706035,35.49144848905239],[-92.809071610888,35.49148921915184],[-92.80914943017673,35.49151426349688],[-92.80921735474661,35.49155181994124],[-92.80930375339187,35.49155278063861],[-92.80938028730715,35.49154094272513],[-92.80945514840204,35.49150728442895],[-92.80952396183307,35.49146584595352],[-92.80959769340522,35.491416481410475],[-92.8096545444476,35.49138350508532],[-92.80971549868204,35.491366540736266],[-92.80978308280821,35.491333422581306],[-92.8098488249799,35.491293125099155],[-92.80991376746715,35.491230020397744],[-92.80998865888924,35.49119965381075],[-92.8102777862263,35.49118391115694],[-92.81035146864708,35.491200670898834],[-92.81042092168737,35.49120861013286],[-92.81049783021444,35.49121967359836],[-92.81063904870304,35.49128942392053],[-92.81078797259451,35.49135879483521],[-92.81085716347049,35.491388823404904],[-92.81092064280827,35.491413005577805],[-92.8109612320778,35.491381165405414],[-92.81102156312585,35.49133641988823],[-92.8110608832415,35.49130886062369],[-92.81127647671072,35.49121466878982],[-92.81131932601446,35.49119738226936],[-92.8114512614269,35.49118437633586],[-92.8115356189953,35.49116975229966],[-92.81161605146704,35.491187795871056],[-92.81171821954524,35.49117566738063],[-92.8118034562374,35.49120007689595],[-92.81189572906511,35.491206062688676],[-92.81197575433951,35.49122621078367],[-92.81204232891885,35.49120906827149],[-92.81211633420224,35.49117018361632],[-92.81219404437223,35.49113342360486],[-92.81226680116896,35.49110652551033],[-92.81234770336648,35.49108333147372],[-92.81239780514348,35.4910463597805],[-92.81246274004464,35.49100550598983],[-92.81253874781343,35.49098955995175],[-92.81261602775449,35.49099786533952],[-92.8126852618171,35.491009446576804],[-92.81275905450755,35.49103157356065],[-92.81284030309682,35.491031493125405],[-92.81291399833053,35.49099580932638],[-92.8129814985104,35.490954447084754],[-92.81305764275365,35.49091807000248],[-92.81310854484715,35.49092094853478],[-92.81315864032688,35.490956988298066],[-92.81322004522177,35.49097922205216],[-92.81327685614554,35.49099331470598],[-92.81334035738833,35.49097149877769],[-92.81336914971206,35.49091923656514],[-92.81337333848306,35.49087615316089],[-92.81338004025216,35.49084433098629],[-92.81339893296754,35.49080124146684],[-92.81344288751033,35.49069566532305],[-92.81346399216464,35.490631408011666],[-92.81347659551413,35.49057906754474],[-92.81350347585459,35.490535410580016],[-92.8135257662869,35.490424564921334],[-92.81352623075675,35.49034902827185],[-92.8136029652373,35.490218551712154],[-92.81361422574032,35.490135120486784],[-92.81358743129925,35.49005717664651],[-92.81358304086216,35.48998715972679],[-92.81359608385124,35.48990763908973],[-92.81361225155642,35.489832278170425],[-92.81365264580259,35.48976424646555],[-92.81368235148297,35.48971769855631],[-92.81387855870706,35.489609950664324],[-92.81401564503574,35.48956734804784],[-92.81408856223207,35.48952545793168],[-92.81417494552626,35.48952786319622],[-92.81425588594394,35.489536959426836],[-92.8143464827708,35.48952408955627],[-92.81443632314472,35.489515590650754],[-92.81450670247456,35.48949659969073],[-92.81456574921127,35.48943979688741]]}},{"type":"Feature","properties":{"name":"BROCK CREEK #27","id":"2336","atv":null,"motorcycle":"open","fourwd_gt50":null,"other_wheeled_ohv":null,"seasonal":"yearlong","trail_class":"TC3 - DEVELOPED"},"geometry":{"type":"LineString","coordinates":[[-92.81795106628576,35.520883070440775],[-92.81790486179074,35.52086671302133],[-92.81780769484365,35.520750582414664],[-92.81770901177109,35.52070172898129],[-92.81763790090602,35.52080324095416],[-92.81751265556306,35.52092006332185],[-92.81733172813489,35.52093095659074],[-92.81720369739627,35.52095629328453],[-92.81696058433423,35.521092709010375],[-92.81688383410193,35.5211000249472],[-92.81673315814136,35.521094763923685],[-92.81669848861453,35.52114554892132],[-92.81653090197992,35.521398966763016],[-92.81649162102893,35.52141191082232],[-92.81640325395277,35.52141708625953],[-92.8162321525672,35.5214733005942],[-92.8160463939703,35.5215064755326],[-92.81595103856522,35.521523792620755],[-92.8158612943341,35.52155384159325],[-92.8157867673724,35.521605899936674],[-92.81572694388075,35.52166878624884],[-92.81556519222475,35.52175720515689],[-92.81537592744398,35.52179383428864],[-92.815276143496,35.52181108635681],[-92.81521019293537,35.521852719801984],[-92.8151671818043,35.5219261386884],[-92.81514055596976,35.52200418747319],[-92.81510451223376,35.52215918612235],[-92.81507602392395,35.52238607074627],[-92.81502690569417,35.52246564850155],[-92.81493587456823,35.52250124094533],[-92.81484081749633,35.5227654902233],[-92.8147610004329,35.52289040783369],[-92.81460214283621,35.523042057305005],[-92.81452097156142,35.52305012413927],[-92.81438923854162,35.52308547684541],[-92.81436696592351,35.52313384212702],[-92.81418246660827,35.52332304557861],[-92.8139565573943,35.52361129314599],[-92.81381282633895,35.52388644694521],[-92.81379403621507,35.52393196372094],[-92.81354651686756,35.52416786795977],[-92.81337986788084,35.524382773534015],[-92.81332100461486,35.52460608063551],[-92.81333301447923,35.52468094909158],[-92.81331874862227,35.524798209208775],[-92.81307536640172,35.525200771663066],[-92.81308267547779,35.52531361275632],[-92.81306943675763,35.525365862622415],[-92.81303016781042,35.52543960658861],[-92.81300146036449,35.525591987533],[-92.81299416886722,35.5256617785685],[-92.81313362291026,35.525855823660294],[-92.81317648315053,35.5258972827543],[-92.81323807381175,35.52595220292828],[-92.81326815512193,35.52609697292132],[-92.8133101818525,35.5262536164739],[-92.81329879611263,35.526325395664514],[-92.8132993090471,35.52639870806731],[-92.81330163164026,35.526461687494155],[-92.81331162440905,35.52664798947827],[-92.81332762059726,35.52681769660283],[-92.81323509604607,35.526887012162994],[-92.81322273719884,35.526916001362686],[-92.81322971399447,35.526961997936276],[-92.81350766185227,35.52707371499795],[-92.81358405781627,35.52716923185786],[-92.81362424990158,35.527223503815776],[-92.81366394706797,35.527276704720116],[-92.81371593311663,35.5273111203877],[-92.81376079233394,35.52737771172949],[-92.81381390244576,35.52747228901505],[-92.81374492551932,35.527599304521125],[-92.81372672823915,35.527675217265376],[-92.81376923733146,35.52780332460178],[-92.81375242140945,35.5278236816521],[-92.81359172131835,35.52777734484571],[-92.81355745120334,35.5277439537533],[-92.81338397851216,35.52764052249763],[-92.81331544295996,35.52759662081643],[-92.81325641851349,35.52745088005326],[-92.81319860764341,35.52739696119162],[-92.81310211526157,35.52736763206058],[-92.81281014557284,35.527335300957645],[-92.81271796753786,35.527337159560005],[-92.81257497914319,35.52736744976405],[-92.81248250696666,35.527436460057636],[-92.81225105471715,35.527329985870686],[-92.81188214130323,35.52695529532317],[-92.81184724496777,35.526975632926515],[-92.8117546629685,35.527175187217175],[-92.8116558088826,35.52724305082129],[-92.81151640508045,35.52737093516745],[-92.81138896622564,35.5274902875804],[-92.81133998429287,35.52751581101861],[-92.81106768150296,35.52760709122612],[-92.81105046371022,35.52763298348656],[-92.81099640064568,35.527715651694564],[-92.81098925473214,35.52781425457831],[-92.8114461058733,35.52803857416212],[-92.81154228869289,35.528110752100766],[-92.81168545507445,35.52816316311475],[-92.81176061135753,35.52818967213435],[-92.81203903548666,35.5283681660211],[-92.8120773237263,35.52847430823681],[-92.81213611253337,35.528690260842275],[-92.81212736102368,35.52873720405826],[-92.81217343726269,35.52888480785203],[-92.81221148589736,35.528930641862644],[-92.81223894314029,35.52898796460317],[-92.81245027211017,35.52923387414378],[-92.81248981061601,35.52927997817526],[-92.81250961710337,35.52936597809276],[-92.81256144541489,35.529384635625505],[-92.81279167322359,35.52945397046675],[-92.81286871308997,35.529451862910314],[-92.81304520759839,35.5293761903818],[-92.81311367144113,35.52939594914693],[-92.8131418492877,35.52951056450692],[-92.81317082936299,35.529560358695186],[-92.81322397229634,35.52960158481816],[-92.81338604952933,35.5297329953025],[-92.81346616921111,35.52984053623475],[-92.813500654368,35.52988384868042],[-92.81354975092081,35.530010791366585],[-92.81353935994231,35.530042452549544],[-92.8134725035604,35.53004895025296],[-92.81343371772927,35.530060396393246],[-92.81323417334255,35.53001747223746],[-92.81320371804306,35.53001681464754],[-92.81315546086721,35.53001524854818],[-92.81304479849206,35.53001141811437],[-92.8129901929439,35.52995252695837],[-92.81289564773245,35.52991559695982],[-92.81272443631399,35.52990068731945],[-92.8125964979739,35.52999907650019],[-92.81247714850619,35.530093718959996],[-92.81226025303451,35.53019653726683],[-92.8119896188619,35.53023578799754],[-92.81192704434575,35.53023653619964],[-92.81185718771499,35.53022306639884],[-92.81178561963473,35.53020421636527],[-92.81173154390726,35.53015825622668],[-92.81167315537563,35.530120801033696],[-92.81160931656383,35.530078269048225],[-92.81149357965593,35.52989973013915],[-92.81128748392045,35.52973372986613],[-92.81123124779815,35.52971704043361],[-92.81109229240352,35.52965196801328],[-92.81101030934303,35.529611402670454],[-92.81094609064871,35.529573612487084],[-92.81065205584574,35.52947028674766],[-92.81058164551814,35.52947830198348],[-92.81048859094838,35.52947565819941],[-92.81009928815786,35.529512783209285],[-92.81001728210866,35.529523888793946],[-92.80994831654249,35.529545038666456],[-92.80993672788104,35.529540026090416],[-92.80993165155546,35.52943020447529],[-92.80992402136047,35.52935890151185],[-92.80988138053934,35.52930525294199],[-92.80973606410076,35.52937127894331],[-92.8096343044102,35.52942897993622],[-92.80954733482022,35.52944614105541],[-92.80934565908503,35.52946082701547],[-92.80919178577659,35.52947421052892],[-92.80912646084262,35.529476843716445],[-92.8089312338361,35.529553149863915],[-92.80875778122733,35.52946862351352],[-92.80872361960024,35.52947139786095],[-92.80855141037026,35.52941385366609],[-92.80839254099598,35.529217248799704],[-92.8083286770732,35.529177493061056],[-92.80808930004106,35.52908404539889],[-92.8079768388767,35.52899464948972],[-92.80792561733874,35.52896816451319],[-92.80789714984527,35.52896623109196],[-92.80784298733668,35.52904214965251],[-92.8077812732468,35.529122789887296],[-92.80769268788907,35.52928640432153],[-92.8076465135256,35.529296028985264],[-92.80756915147907,35.52931158371022],[-92.80735059948329,35.52938351308153],[-92.80719735635066,35.529399903006805],[-92.80705763198506,35.52939731270498],[-92.80698280295572,35.529414880913436],[-92.80690477424153,35.529429599204185],[-92.80686111036854,35.52943316029153],[-92.80676788094287,35.52936182372186],[-92.80662235381378,35.52919919275294],[-92.80653990637138,35.52913770683493],[-92.80636202364596,35.52916357594078],[-92.8062901671375,35.52905592905288],[-92.80620717298723,35.52905958903074],[-92.8059880846651,35.52916348355759],[-92.805901093247,35.52914737062464],[-92.80585215321746,35.52907468629432],[-92.80582040009729,35.52883870406229]]}},{"type":"Feature","properties":{"name":"BROCK CREEK #49","id":"2325","atv":"open","motorcycle":"open","fourwd_gt50":null,"other_wheeled_ohv":"open","seasonal":"yearlong","trail_class":"TC3 - DEVELOPED"},"geometry":{"type":"LineString","coordinates":[[-92.79058027340079,35.51255675877017],[-92.79037234116802,35.51255812161429],[-92.79015372863871,35.51238224400353],[-92.78987961553598,35.51207368928766],[-92.78954907603405,35.51154385325088],[-92.78932873010314,35.51119065307043],[-92.78899996590025,35.51083813841052],[-92.78878136108091,35.51066223484579],[-92.78861828434748,35.510618938842015],[-92.78834719307368,35.5106207122914],[-92.78802234258839,35.510667198075765],[-92.78791389498642,35.510667906432346],[-92.78764326685571,35.510714014935424],[-92.78753525383733,35.510759035192685],[-92.7875335186835,35.510581737540065],[-92.78758644079811,35.510448373333475],[-92.7876931526711,35.51027034236298],[-92.78779940171086,35.51004799899661],[-92.78790608390659,35.5098699686737],[-92.78773997067063,35.50951636312585],[-92.7875734274038,35.5091184919725],[-92.78756865654873,35.50863086152108],[-92.78756518627102,35.50827621739633],[-92.7874528673453,35.50787794465129],[-92.78744896410659,35.50747898641384],[-92.78749795325683,35.50694666565195],[-92.78733098092556,35.50650443305273],[-92.78716617907236,35.50628383730917],[-92.78716314387856,35.505973528759895],[-92.78721346249348,35.50557421700398],[-92.78721042933566,35.50526390842271],[-92.78720869391037,35.50508658716142],[-92.78698924220294,35.50482200699344],[-92.78671470497638,35.504469155035515],[-92.786604128434,35.50424820347502],[-92.78643716872038,35.50380597038286],[-92.78627234612514,35.50358537239488],[-92.78627147942258,35.50349672255705],[-92.78637905062939,35.503407343262076],[-92.7864857270971,35.50322931307755],[-92.7865377812028,35.50300732366172],[-92.786535614369,35.50278566478352],[-92.78664188646188,35.50256329874646],[-92.78664015231824,35.50238597559875],[-92.78642244337743,35.50229874091038],[-92.7862589221541,35.502211152807504],[-92.78610799714086,35.50215588273323]]}},{"type":"Feature","properties":{"name":"BROCK CREEK #50","id":"2326","atv":"open","motorcycle":"open","fourwd_gt50":null,"other_wheeled_ohv":"open","seasonal":"yearlong","trail_class":"TC3 - DEVELOPED"},"geometry":{"type":"LineString","coordinates":[[-92.78152529198259,35.50671247809185],[-92.78142088822335,35.506454206769575],[-92.78136368412953,35.506144248999135],[-92.78136153251386,35.50592261363886],[-92.78157749727932,35.50583253519836],[-92.78184727922887,35.50569779135249],[-92.78238982857044,35.505738610412934],[-92.78266262671782,35.50591417426449],[-92.7829345641744,35.5060010633433],[-92.78325983087474,35.505998950336895],[-92.7834762525487,35.50595320516873],[-92.78358293984269,35.505775202007435],[-92.78363629660768,35.50568617696932],[-92.78379806642828,35.505596469814265],[-92.78406784396611,35.50546169753842],[-92.7847157802324,35.50519149343556],[-92.7849309027552,35.50501275919075],[-92.78514602432463,35.5048340245537],[-92.7853082230029,35.5047886528835],[-92.78552507375034,35.50478723974824],[-92.78579744304281,35.50491845901926],[-92.7860698121184,35.5050496785753],[-92.78634215451751,35.50518089656626],[-92.78639983860592,35.50553518786447],[-92.78640547027592,35.50611146748799],[-92.78657416745516,35.506731023494744],[-92.7866908427145,35.5075725911455],[-92.78691720596586,35.50854643656009],[-92.78708594185096,35.50916599078318],[-92.78692674100103,35.509521674019936],[-92.78693020843454,35.50987634152333],[-92.78704255623954,35.51027459213264],[-92.78683045716205,35.51076363737346],[-92.78667084753992,35.51107502961583],[-92.78683999114907,35.51173892046324],[-92.78700610508358,35.512092480235644],[-92.78690288432713,35.5126251310355],[-92.78674890446018,35.5135128265184],[-92.78669987753993,35.51404512377254],[-92.7867033451693,35.514399791015315],[-92.78692368826992,35.51475299669517],[-92.78708634034986,35.51475193498892],[-92.78719476477436,35.5147512273453],[-92.7873014832509,35.514573197772904],[-92.78735354045358,35.51435118499371],[-92.78735180566778,35.51417388564197],[-92.78740079975559,35.51364156552749],[-92.78750664824899,35.51337486260147],[-92.78766712741019,35.513152165054215],[-92.78766452489,35.51288616999129],[-92.78771701356698,35.51270849355598],[-92.78787662340434,35.51239714599777],[-92.78814508678087,35.512129380286694],[-92.78830689220982,35.51203964381438],[-92.78890327812911,35.51203574233487],[-92.78950401199967,35.5124751558241],[-92.78977943040302,35.512916674184],[-92.78978290946807,35.51327129546264],[-92.78989440742782,35.51358091612357],[-92.79005879669141,35.51375717229372],[-92.7904960285501,35.514108949944756],[-92.7908799095805,35.514549777590304],[-92.79126292481875,35.51490193180522],[-92.79148067409311,35.51498915771257],[-92.79165417747305,35.514988019339704],[-92.79186020363595,35.51498666633675],[-92.79241240225237,35.514793890490736]]}},{"type":"Feature","properties":{"name":"BROCK CREEK #25","id":"2335","atv":null,"motorcycle":"open","fourwd_gt50":null,"other_wheeled_ohv":null,"seasonal":"yearlong","trail_class":"TC3 - DEVELOPED"},"geometry":{"type":"LineString","coordinates":[[-92.81637728522637,35.51852785542209],[-92.8163677336727,35.51873492907495],[-92.81629995889097,35.51888928025498],[-92.81615165369914,35.5189145669346],[-92.81599352078483,35.51894802195522],[-92.81587548941916,35.51902979421161],[-92.81565850396653,35.519120338050314],[-92.81559067329698,35.519266562926646],[-92.81566211415529,35.51947661495833],[-92.81585183563877,35.519629199600594],[-92.81610109521064,35.519789459532085],[-92.81642801328701,35.51979534854417],[-92.81668441459361,35.519688355552546],[-92.8169209182032,35.5195652704521],[-92.81708838538394,35.519475060431525],[-92.81723669242383,35.5194497717048],[-92.81742537587355,35.519497081983644],[-92.8175254807389,35.51960165981849],[-92.817635412268,35.51969809145326],[-92.8178736968272,35.51975316540882],[-92.81825136700638,35.519880165637176],[-92.81839887859591,35.51977388491044],[-92.81852786160219,35.519797315838844],[-92.8185554658625,35.519928138495956],[-92.8184789185844,35.51997225000871],[-92.81838586906053,35.520039192037416],[-92.81825934987262,35.52011201201951],[-92.81822633246036,35.520145321176194],[-92.81816032257383,35.52021747211687],[-92.81810753713694,35.52027849116771],[-92.81806870894765,35.5203668021088],[-92.81805046326947,35.52048233920625],[-92.81804533017568,35.5205757692169],[-92.8179933890583,35.520686210653245],[-92.8180142830177,35.52072991703156],[-92.8180024087118,35.52082344055731],[-92.81795106628576,35.520883070440775],[-92.81788998595636,35.52093452553169],[-92.81783722967684,35.52099552015504],[-92.81781215191897,35.521059899035045],[-92.8178449256613,35.52115713359524],[-92.81782987299731,35.52133683524188],[-92.81779788584006,35.52151667360252],[-92.81773281772423,35.521765779262296],[-92.81763424449235,35.522042779525485],[-92.81759280333274,35.52209886443892],[-92.81758726430687,35.52212428211054],[-92.81758241096325,35.52223417058687],[-92.81757079095993,35.52234415161707],[-92.81751025576712,35.522446526142105],[-92.81752016821514,35.52245801662652],[-92.81750494623303,35.522623895414874],[-92.8174222961688,35.52280407805185],[-92.8173229929724,35.522821025069206],[-92.81730817658215,35.522866608833255],[-92.8171200878085,35.52299954748166],[-92.81708851838289,35.52322080420297],[-92.81729397590702,35.52348192119615],[-92.81753602760524,35.52401909904206],[-92.81768880280093,35.52408712891658],[-92.81788542527708,35.524127636575656],[-92.81796503452823,35.52419620841509],[-92.81801269352644,35.52421500790411],[-92.81853471981076,35.52417807595887],[-92.81917671966598,35.52415994104162],[-92.8198375944647,35.52433504770565],[-92.8199570097025,35.524444745796345],[-92.82002573550062,35.52464741181122],[-92.82007788227482,35.52468885076316],[-92.82010551650669,35.52473248836254],[-92.82019453842825,35.524830345303734],[-92.82022919404935,35.52489037297791],[-92.82026430138218,35.524977855195274],[-92.82031283213216,35.525065199607795],[-92.82037546175918,35.52519083253813],[-92.82041037102593,35.52526734296103],[-92.82046592237381,35.52537107649559],[-92.82050819361666,35.525485945633854],[-92.82054347120322,35.525584400369674],[-92.82059919258694,35.525699130789896],[-92.82059668489079,35.52585651708589],[-92.82078962237964,35.52654602348467],[-92.82101070937114,35.52668264914358],[-92.82119843639089,35.52686096929573],[-92.82141899104865,35.52694235475745],[-92.82152080843267,35.52694752232269],[-92.82160851778804,35.526913699009256],[-92.8217434667689,35.52686295359324],[-92.82191189132837,35.52677319736124],[-92.82200591685753,35.52669503833283],[-92.82225604583722,35.526649040908644],[-92.82235057980307,35.526620727261886],[-92.82257414326999,35.526624736021645],[-92.82268269588249,35.5266405963333],[-92.82287966476846,35.52669458976181],[-92.8230436129049,35.52683192845462],[-92.82315295868166,35.52692532361595],[-92.82326944114423,35.52705740692321],[-92.82331707381411,35.527171070169175],[-92.82330733270227,35.52730770310978],[-92.8232172352345,35.52741513872545],[-92.82306148227698,35.52765197768481],[-92.82291434000021,35.527820321537774],[-92.82275835205392,35.52803435034627],[-92.82262002386715,35.5281569870021],[-92.82252214538,35.52839099885709],[-92.82250197771646,35.52843921451606],[-92.82246763949577,35.52872087085875],[-92.82228536309889,35.529093288984924],[-92.82250205772466,35.52935800929045],[-92.82236865250671,35.52995979792671],[-92.82222197087412,35.5301737630217],[-92.82233044359639,35.53077387816679],[-92.822483266843,35.53116075188629],[-92.82268059744173,35.53134958182213],[-92.82292597353971,35.5314299072591],[-92.82304468207566,35.53146876735947],[-92.82311955221775,35.53146090106807],[-92.82312761590677,35.53148132295022],[-92.82346448879477,35.53157617739603],[-92.82421019516725,35.531707976238316],[-92.82465828899646,35.53184944130693],[-92.82466810278241,35.53191792519745],[-92.82468503435126,35.531925678869854],[-92.8248102682709,35.53215263552738],[-92.82516044591434,35.53272828413144],[-92.8252652779152,35.53297097719813],[-92.82598754661969,35.53353648705252],[-92.82625854139857,35.53364869030378],[-92.82658378809775,35.53377548594011]]}},{"type":"Feature","properties":{"name":"BROCK CREEK #42","id":"2321","atv":"open","motorcycle":"open","fourwd_gt50":null,"other_wheeled_ohv":"open","seasonal":"yearlong","trail_class":"TC3 - DEVELOPED"},"geometry":{"type":"MultiLineString","coordinates":[[[-92.81182050980381,35.504073038139296],[-92.8117668496392,35.50425483158013],[-92.81174775797102,35.504323791975324],[-92.81173715132577,35.50436206202773],[-92.81167191534905,35.50479916972142],[-92.81170317329901,35.50489451934077],[-92.81183960263462,35.50531068665864],[-92.81205486574147,35.5059357784141],[-92.81241042605372,35.506654882973606],[-92.81327830530792,35.50752239322451],[-92.81365556156722,35.5080894406683],[-92.81399506559961,35.508878766198784],[-92.81413105533991,35.50918745222581],[-92.8142490733096,35.50937652776823],[-92.8142273960306,35.50952855777677],[-92.81420533414102,35.50964262521428],[-92.81400539078223,35.51001869532693],[-92.8139310616232,35.5103261220558],[-92.81391489743183,35.510662102264575],[-92.81385880720578,35.51091836042366],[-92.81362557751225,35.51106387914944],[-92.81337195068988,35.5111295665829],[-92.81308293768235,35.51116910803958],[-92.81292203131319,35.51124612332241],[-92.81278697233616,35.5113094443205],[-92.81247515071361,35.51142350410854]],[[-92.81245559160472,35.5114236360034],[-92.81246312144938,35.511436870646754],[-92.81258996528572,35.51166016346912],[-92.81265473903127,35.51177413642276],[-92.81251220295701,35.512531082937045],[-92.81241044842666,35.51278195042741],[-92.81228403938633,35.5130009731858],[-92.81209804485752,35.513206994754796],[-92.8118538841486,35.51339087598239],[-92.81160353382982,35.51356984919235],[-92.81137484048041,35.51375869111367],[-92.81117043451101,35.51395734016451],[-92.81102490465489,35.51418648347832],[-92.81087570531598,35.514434260091676],[-92.81077002511157,35.51469586961377],[-92.81059838589655,35.514918813044474],[-92.810387381666,35.515100880450404],[-92.81015653237016,35.51529459282288],[-92.80989996707392,35.515521140759645],[-92.80968834438798,35.51576111632658],[-92.80950837022174,35.516053134238376],[-92.80928909130334,35.51619656556998],[-92.80900547554386,35.516516759962556],[-92.8090094946345,35.51691657925416],[-92.80895482329483,35.5171738992452],[-92.80879053079454,35.51737596364964],[-92.80864512489121,35.51753346952745],[-92.80836524693628,35.51771176867395],[-92.80807952281657,35.51792239879547],[-92.80787659507688,35.51808526186291],[-92.80764624523351,35.51822206420882],[-92.80744894539743,35.518342697010794],[-92.80727619605751,35.518467905892415],[-92.8071090422263,35.518638723386374],[-92.80695919305852,35.51884356111446],[-92.80678686481407,35.51905092968541],[-92.80654956680512,35.51928142793325],[-92.80631451515433,35.51946829593366],[-92.80616069420141,35.51959057431432],[-92.80534332662093,35.519829126228956],[-92.80516764144389,35.5199242549814],[-92.80497653046726,35.519942015517955],[-92.80484869797428,35.519978825729524],[-92.8048340251731,35.520090880750146],[-92.80468015096511,35.52020823044142],[-92.80425123308828,35.52035501418413],[-92.80418543848018,35.520692958694205],[-92.80418594602791,35.520880865571094],[-92.80425234170045,35.52112896993186],[-92.80434411527867,35.52137590087063],[-92.8044134309944,35.521621837749834],[-92.80439758330687,35.521865003647974],[-92.80439833833378,35.52206339183959],[-92.8044553307595,35.52224793417563],[-92.804592126528,35.52241569236243],[-92.80470097697277,35.522545181781865],[-92.80479833690887,35.52256512550581],[-92.80490679173032,35.522517868000634],[-92.80496956048597,35.522422979139165],[-92.8051909255234,35.52237991719436],[-92.80527709191921,35.52245415151741],[-92.80527072181324,35.52266813780246],[-92.80525131591232,35.52288952012598],[-92.80520819886887,35.523110056257764],[-92.80518632633458,35.52333607814288],[-92.80509900205075,35.52356568929588],[-92.80495943984424,35.523803889931436],[-92.80479044438628,35.52402627085079],[-92.80460815397927,35.52421595727887],[-92.80448478067677,35.52437678920264],[-92.80450428891282,35.524493985787814],[-92.80457838071831,35.52459732387065],[-92.80464374347048,35.524844664289894],[-92.80474148507112,35.52495087900768],[-92.80487923221243,35.52510501870389],[-92.80496274949823,35.52526822786483],[-92.80502816673388,35.52534099062746],[-92.80533854650234,35.52540170146581],[-92.80545672452467,35.52548088242167],[-92.8054392807901,35.52562998683235],[-92.80526528367643,35.52583794807854],[-92.80489435705415,35.52598042381041],[-92.80446543742568,35.52612722976364],[-92.80414999046344,35.52620278956582],[-92.80400658576062,35.52640017793927],[-92.80391462245669,35.52660067936463],[-92.80387755966603,35.52682750210269],[-92.80386901916626,35.52707050287239],[-92.80386500325577,35.52731751167182],[-92.80385646643711,35.52756938479881],[-92.80387172719173,35.52781337008714],[-92.80389622402876,35.52791250817838],[-92.80393515724208,35.528070039836216],[-92.80398794958967,35.52832836664407],[-92.80399835795924,35.52858401243038],[-92.80402014515073,35.52883780844757],[-92.80406735311956,35.52910317712432],[-92.8040905715369,35.529348698160966],[-92.80424008963885,35.52961095714332],[-92.80418593524774,35.52986535203973],[-92.8039915650718,35.53007097265172],[-92.8037282728438,35.53020516103018],[-92.80349376982731,35.530430800963615],[-92.80318078219061,35.53074587550235],[-92.8031370022715,35.5307722011476],[-92.8029915195039,35.530839759665156],[-92.80261633243032,35.53100156555549],[-92.80232576644165,35.531291388284735],[-92.80202332685936,35.531633940808845],[-92.80199651100813,35.53190090089221],[-92.80196960893461,35.53216786171763],[-92.80192804459003,35.53244253201037],[-92.80189189220273,35.5327272755282],[-92.80190984198052,35.53301777664831],[-92.80188738723831,35.53330116849965],[-92.80189459026151,35.53357399738157],[-92.80192878304312,35.53386361986825],[-92.80200429257707,35.53412027955389],[-92.80212535344661,35.53434147398571],[-92.80225183232929,35.53455319889378],[-92.80236882966669,35.53477077795039],[-92.80245987083613,35.534991890369575],[-92.80259113014786,35.5351815888013],[-92.80273520586336,35.53536454738242],[-92.80290587397135,35.53553294592023],[-92.80307773954908,35.53569823092392],[-92.80323754495932,35.53584568726625],[-92.80338431018563,35.53598582858733],[-92.80355249574474,35.53613428007925],[-92.80357828798293,35.53617123254673],[-92.80355746794089,35.53618883605683]]]}},{"type":"Feature","properties":{"name":"BROCK CREEK #41","id":"2320","atv":"open","motorcycle":"open","fourwd_gt50":null,"other_wheeled_ohv":"open","seasonal":"yearlong","trail_class":"TC3 - DEVELOPED"},"geometry":{"type":"LineString","coordinates":[[-92.81288335575529,35.49907261294096],[-92.81293169478933,35.49880403403277],[-92.81294007652298,35.498446485046934],[-92.8129321537919,35.49825554629241],[-92.81287568088328,35.49800128651901],[-92.81289844773444,35.49788359548844],[-92.81295671356811,35.49772160641591],[-92.81301554313369,35.49761838172181],[-92.81304347299019,35.497418397963656],[-92.81311248399552,35.49713879918451],[-92.81317158926105,35.49706004250837],[-92.8131884098988,35.496947295061844],[-92.81328909772503,35.49683888460389],[-92.8133241501574,35.4967505067906],[-92.81333387438512,35.496709720428775],[-92.81324737602179,35.49670227314615],[-92.81277532476398,35.49659539085572],[-92.81244579043987,35.49641985888218],[-92.81193116006548,35.4961391726768],[-92.81190979923443,35.496130070396966],[-92.81189115930744,35.49611917532961],[-92.81186568515587,35.49610141511828],[-92.81180458811771,35.496050622616615],[-92.81164303221605,35.4960432816081],[-92.81163367137917,35.496043783651125],[-92.81149122542652,35.49605142464269],[-92.81143361259825,35.49601202637365],[-92.81142179594302,35.49598392453332],[-92.81140228433233,35.49594882273203],[-92.81129228827032,35.49574278716431],[-92.81114196398939,35.49562602751748],[-92.81078458035446,35.49538028223942],[-92.8105569086156,35.49524300569515],[-92.81004448273396,35.49492171633045],[-92.80988415280912,35.494834464499625],[-92.80971361463001,35.49475989095246],[-92.8094134564726,35.49456841671134],[-92.80917998913166,35.494368087321604],[-92.80896101866554,35.494277866988426],[-92.80880626528419,35.49423683127676],[-92.8087597640731,35.49421192652531],[-92.80872663408904,35.49416811331545],[-92.80858643183907,35.493853029097494],[-92.80853850833618,35.49368930285224],[-92.80847509870544,35.49352147646037],[-92.80840684651811,35.49338312691903],[-92.80831725166816,35.49316919979777],[-92.80823088438217,35.49276178405256],[-92.80820333367457,35.49273899295546],[-92.80780980920696,35.49256826782892],[-92.80773498089876,35.49259949514974],[-92.80768156042033,35.492621801168326],[-92.80765259290766,35.492676841569015],[-92.80760457672574,35.49270569507219],[-92.80748881346629,35.4926691596465],[-92.80741886752467,35.49265206960372],[-92.80739172471962,35.49262154896298],[-92.80733781328189,35.49259776703178],[-92.80727561003826,35.492549898169244],[-92.8072379318549,35.49253915410688],[-92.80714552859276,35.492423471984615],[-92.80713129718563,35.492342337786525],[-92.80716789815801,35.49224554529314],[-92.80728548577643,35.49219647225699],[-92.80733933740406,35.492211475466085],[-92.80740102831756,35.492211061800944],[-92.8074521443252,35.49222388847221],[-92.80766290565609,35.492099569738826],[-92.80778017698353,35.49202198944227],[-92.80799199204046,35.49200301111808],[-92.80814235353755,35.492010782829766],[-92.80828464102274,35.49201638924189],[-92.8083842800547,35.49205083798897],[-92.8086632636174,35.49204238211492],[-92.80875953252135,35.492116358895316],[-92.80904382146353,35.49209908681502],[-92.80909979904058,35.49206139995536],[-92.80915069700796,35.492052279835235],[-92.8092044307274,35.49205850337453],[-92.80930178503608,35.49213247242246],[-92.80938012676216,35.492186815380734],[-92.80946624638105,35.4922081848047],[-92.80957381972522,35.49223380062445],[-92.80967319534439,35.49224191193714],[-92.80971344759134,35.49224164090134],[-92.80979122374247,35.49223672950804],[-92.80986368272995,35.4922340476293],[-92.80989335529418,35.49224921176771],[-92.80990978075637,35.492284217901876],[-92.81010705946245,35.49231581373999],[-92.81013673210266,35.4923309778186],[-92.81024116578988,35.49230832806204],[-92.81037846218032,35.49235130105071],[-92.8104290508904,35.492311454625685],[-92.8104689490354,35.492276069978764],[-92.81050097355082,35.49225829607863],[-92.81057069900213,35.49225343826294],[-92.81064847511715,35.49224852541531],[-92.81075609262803,35.49227852867497],[-92.81082227343134,35.492188097645766],[-92.810867206508,35.492119780978584],[-92.81091284716899,35.49212164502612],[-92.81096926572988,35.49212784944518],[-92.81098547695431,35.492138714707814],[-92.81104185068413,35.492140529696776],[-92.81114170265944,35.49214202950722],[-92.81121950100834,35.4921393344324],[-92.81138014680691,35.49210533123915],[-92.81154073248699,35.49206254908569],[-92.81169138802078,35.49209665098757],[-92.8120597141436,35.49216879342294],[-92.81220756915307,35.4921941351099],[-92.81226944260396,35.49220908097906],[-92.8123795965149,35.49222150689229],[-92.81239168563654,35.492197283408906],[-92.81243169407779,35.4921728706958],[-92.812557594249,35.49215007376859],[-92.812731752246,35.492122562848074],[-92.81280391711464,35.492093544593665],[-92.8129298609075,35.49207513667119],[-92.8129973904067,35.492118576472286],[-92.81306699192747,35.49210713303235],[-92.81320043815458,35.492031610289494],[-92.81326681502334,35.491960953626396],[-92.81331451835105,35.49190137209479],[-92.81335391307772,35.49186993592382],[-92.81346619679958,35.49182747772378],[-92.81361314149268,35.49176283689486],[-92.81371451410627,35.49170289356769],[-92.81381595076114,35.49164953424312],[-92.81387997530982,35.4916117908516],[-92.81399540059844,35.49161761959424],[-92.81415044126102,35.49155728974668],[-92.81425462741043,35.49151049573431],[-92.81444452983288,35.491447781953326],[-92.8144792806107,35.491434377970336],[-92.81457328979984,35.49144252208051],[-92.81466995891309,35.49144845299768],[-92.81473947676407,35.49142603604682],[-92.8148225727419,35.49141669426375],[-92.81494052589777,35.491407118254266],[-92.8149695523629,35.4914091166846],[-92.81499922558959,35.49142427957152],[-92.81504208721316,35.491419600692836],[-92.81525945032874,35.4914159356688],[-92.8154526105149,35.491410216205175],[-92.81557604840097,35.49140938063103],[-92.81565349413007,35.49137486043885],[-92.81572583549432,35.49136339800797],[-92.81585964983512,35.49132737501055],[-92.81606305629727,35.49127332358984],[-92.81612072393423,35.49124220650381],[-92.81620343642622,35.491197773815166],[-92.81623439049362,35.491074633070234],[-92.8162796084882,35.49103482108259],[-92.81630353665824,35.491012711606906],[-92.81639168749281,35.49097260876791],[-92.81648786730865,35.490930255786076],[-92.81652255200983,35.49091026802295],[-92.8165836687059,35.49085061811655],[-92.8166039161653,35.490730211987895],[-92.81660633317362,35.49070385805674],[-92.81654507395558,35.49048479538274],[-92.8165170602446,35.49036866192652],[-92.81648980305033,35.490327145478446],[-92.81643864164514,35.49030993413623],[-92.81639723888522,35.49019652947164],[-92.81640153788574,35.49009117320991],[-92.81637689777392,35.490043031641186],[-92.81637285846604,35.4899092005841],[-92.8163646912981,35.489847172216436]]}},{"type":"Feature","properties":{"name":"BROCK CREEK #44","id":"2323","atv":"open","motorcycle":"open","fourwd_gt50":null,"other_wheeled_ohv":"open","seasonal":"yearlong","trail_class":"TC3 - DEVELOPED"},"geometry":{"type":"LineString","coordinates":[[-92.81400539078223,35.51001869532693],[-92.8139706487772,35.51000518258128],[-92.81396803550352,35.50997542986429],[-92.81297822469178,35.50957761427813],[-92.81296154804447,35.5095917833627],[-92.81287575698146,35.50955967361675],[-92.81262360114685,35.50951325125195],[-92.81232503419871,35.5094317913389],[-92.81200810506996,35.509245712343876],[-92.8116673147655,35.509250131869976],[-92.81135246257763,35.50934627607172],[-92.81102752429096,35.50944461363557],[-92.81081000356536,35.5092022680821],[-92.81059356568798,35.50898209761692],[-92.81036350092096,35.50881511269297],[-92.810167350871,35.50868411301969],[-92.81005680417266,35.50867455898216],[-92.80989889262379,35.50862903937213],[-92.80973300306187,35.50865032679236],[-92.80953342499718,35.50867807444308],[-92.80930250149505,35.508590152393644],[-92.80924861215216,35.508595184158246],[-92.80910303778421,35.50869165765689],[-92.80898225164609,35.50890774385903],[-92.80888785711412,35.50921258762753],[-92.80873448309637,35.50943393635573],[-92.80872986522655,35.509440728502454],[-92.80870487216647,35.5094766996362],[-92.80855416610548,35.50963101885342],[-92.8084155329236,35.50972522671013],[-92.80807371103,35.50991708641191],[-92.80803792477322,35.50995356410085],[-92.80771933893837,35.51013359202479],[-92.80738840964422,35.51033576776492],[-92.80729095613007,35.51045596657143],[-92.80725237915958,35.51055017957903],[-92.80705699573451,35.510768864893635],[-92.80701332878917,35.51087656131258],[-92.80681105103221,35.5111824993556],[-92.80663991595463,35.51130505828157],[-92.80627741634088,35.51146373262633],[-92.80613163241271,35.51168549407955],[-92.80616205845325,35.511826642917114],[-92.80610522232921,35.51212798850995],[-92.80604747070753,35.51234073216856],[-92.80596407326965,35.51254757551821],[-92.8059319758596,35.512556125782034],[-92.8057171413877,35.51270400487574],[-92.80559611339372,35.51294598297972],[-92.80560650590297,35.51297993302667],[-92.80559948201117,35.513242605873884],[-92.80564248061609,35.51355264718308],[-92.80554123489435,35.513756900706845],[-92.80556677403493,35.5137777910935],[-92.80553754548899,35.51385910039469],[-92.8054749205272,35.514035963982515],[-92.80533921122199,35.51420946542826],[-92.80530039952814,35.514220605090166],[-92.80515700574564,35.51436235528471],[-92.80503210908103,35.51455196316182],[-92.80485566332929,35.51472127668637],[-92.80479859428371,35.51479158731865],[-92.80453169711132,35.51501422364282],[-92.80430028000816,35.515206736375944],[-92.80422936038691,35.51525133941318],[-92.80391839909024,35.51536273107233],[-92.80357331952293,35.51547514476829],[-92.80319144215852,35.51564033595046],[-92.80285942717387,35.51577152625848],[-92.80281253176058,35.51582549274065],[-92.80279028519381,35.51581971096083],[-92.80280313300551,35.51584234303127],[-92.80266464112194,35.5159036922014],[-92.80251871573297,35.516004292068594],[-92.80241897630374,35.51610285751611],[-92.80239750137213,35.516183156229445],[-92.80233028579839,35.516407540976836],[-92.802259198658,35.51666753601786],[-92.8022457447971,35.51690776722093],[-92.80227704220961,35.51690475646839],[-92.80230696445457,35.5170186633067],[-92.802384510029,35.51715151460744],[-92.80248282285609,35.517282010448426],[-92.80256312072164,35.51729275269803],[-92.80295842312526,35.517258554192104],[-92.80303846546836,35.517358116958206],[-92.80308792360958,35.51740348113905],[-92.80320223351896,35.517442786431715],[-92.80346551287343,35.51747084269072]]}},{"type":"Feature","properties":{"name":"BROCK CREEK #22","id":"2332","atv":null,"motorcycle":"open","fourwd_gt50":null,"other_wheeled_ohv":null,"seasonal":"yearlong","trail_class":"TC3 - DEVELOPED"},"geometry":{"type":"LineString","coordinates":[[-92.81273615861669,35.499069473086585],[-92.81267617339805,35.499212980556294],[-92.81268328318737,35.49922715229382],[-92.8127170266882,35.499433140284076],[-92.81295409024848,35.499645205286846],[-92.8130757574873,35.499739227741024],[-92.81334217701004,35.49977341037422],[-92.81347933680676,35.499931279162574],[-92.81358769203612,35.500084018785316],[-92.81361513933962,35.50013851653214],[-92.81373012985021,35.50019896160868],[-92.81386074991129,35.50017015472749],[-92.81402074693683,35.50009879458229],[-92.8140959382903,35.499964615108276],[-92.81454110976185,35.49984775964729],[-92.81476077125751,35.49975867054267],[-92.81508935804335,35.49955665448169],[-92.81580079537304,35.49948319818239],[-92.81651846060853,35.49946089699307],[-92.81726378485043,35.499436466719075],[-92.81760338219841,35.4993579538559],[-92.8177037200639,35.49921526590995],[-92.8177456085269,35.49894563207925],[-92.81785064445208,35.49881584765936],[-92.8179450606196,35.498652467187156],[-92.8181613786864,35.49858048499331],[-92.81838217314463,35.4987018935789],[-92.81843313779801,35.49907564058944],[-92.81831479718402,35.49924759093179],[-92.81833546050616,35.49956815700688],[-92.81853713707973,35.49985496828345],[-92.81866272751401,35.49990735016943],[-92.81883089954898,35.49989908654929],[-92.81894830034457,35.49980881733684],[-92.81901603413193,35.49971143689838],[-92.81902984079407,35.49951098699633],[-92.81903292749813,35.49948766095912],[-92.81903880904841,35.49947477953068],[-92.81911498868915,35.499320724712646],[-92.81936151648118,35.49910013120979],[-92.81949562492483,35.49908355276792],[-92.81973845874207,35.49922108391078],[-92.81978939634996,35.49937836407148],[-92.8198523879408,35.499437848325975],[-92.81980546141666,35.49956249971605],[-92.81986319809563,35.49969755214673],[-92.81990517540261,35.49973177631693],[-92.8199770532716,35.499741374543824],[-92.82027322907199,35.499674916811536],[-92.82051757611045,35.49961885053371],[-92.82072432765335,35.499532734809925],[-92.82083210464462,35.4993753310681],[-92.82088440190769,35.49934630286197],[-92.82090118549597,35.499345954485754],[-92.82098046096436,35.499218701562],[-92.82123731425503,35.498966980416355],[-92.82126095187552,35.49886444794865],[-92.82125283527462,35.4986466009459],[-92.82155070752884,35.498548140554306],[-92.82171342111721,35.49843892755881],[-92.82183198941902,35.49835728530187],[-92.82196636388159,35.498305305898],[-92.82200738933969,35.49830775855215],[-92.82207502285391,35.49842761340844],[-92.82219985160815,35.49853397790251],[-92.82223333863502,35.49859802947643],[-92.82230916810151,35.498628378626584],[-92.8224285320561,35.498733661847794],[-92.82257422414456,35.498777823497356],[-92.82281060370772,35.498671631521276],[-92.82281125067539,35.49864564007431],[-92.82284349710865,35.498537758609324],[-92.82282576461667,35.498481749778335],[-92.82288385496975,35.498298906360276],[-92.82285212158351,35.49814404058042],[-92.8229610537311,35.49800516587718],[-92.82319552557497,35.49788875893339],[-92.82340700046392,35.49772632556197],[-92.82372216028206,35.497680067355596],[-92.8237801955703,35.497637361641104],[-92.82389365858835,35.49757609030291],[-92.82405102094428,35.497343348530315],[-92.82420677503947,35.497307891116726],[-92.82427484251068,35.497269086870666],[-92.82421924314988,35.49718433829019],[-92.8241734153063,35.49706400874624],[-92.82414497450814,35.49696880067112],[-92.82418576943331,35.496932050395976],[-92.82445370287347,35.49696108562392],[-92.8246285345963,35.49694865879021],[-92.82505740899953,35.49677130909001],[-92.8251876005484,35.496620846057844],[-92.82521442500641,35.49651650322697],[-92.82514455821033,35.49626269131936],[-92.82514712995959,35.49625174608111],[-92.82521509166767,35.496024448162544],[-92.8254384418575,35.495926861972],[-92.82572449749964,35.495802205878384],[-92.82614422138522,35.495671751987814],[-92.82628656454162,35.49549836949089],[-92.82656973932343,35.49540209898723],[-92.82671904922236,35.495292900474546],[-92.82687422760858,35.495246398735766],[-92.82689373336254,35.49524411754677],[-92.82716523107803,35.4950924961603],[-92.82746615977156,35.495157207723466],[-92.82784208402768,35.495135364344065],[-92.82804824700005,35.495246559105986],[-92.82865200316141,35.49546872905906],[-92.82899583021012,35.49547376665251],[-92.82909726046339,35.495406338379205],[-92.82910971659898,35.495304544960284],[-92.82905273816887,35.49510290063295],[-92.82906763943872,35.49503613781753],[-92.82945579416317,35.494840676816956],[-92.82947497527799,35.49464079575741],[-92.82960547488811,35.49451017316172],[-92.82965572056852,35.49435476838214],[-92.82965280081415,35.49427913855682],[-92.82963299307016,35.49421048905375],[-92.82961797977094,35.4941776002077]]}},{"type":"Feature","properties":{"name":"BROCK CREEK #40","id":"2319","atv":"open","motorcycle":"open","fourwd_gt50":null,"other_wheeled_ohv":"open","seasonal":"yearlong","trail_class":"TC3 - DEVELOPED"},"geometry":{"type":"MultiLineString","coordinates":[[[-92.81662617190173,35.50316221031836],[-92.81659481238749,35.50317814020306],[-92.81652842924656,35.50320802964197],[-92.81647810080227,35.503231625480744],[-92.81640394252315,35.50327322109686],[-92.81630195431569,35.503245450479454],[-92.81610055686015,35.50338501486602],[-92.81573882420527,35.50354639885603],[-92.81541068566122,35.503686820695926],[-92.8150900582721,35.50373736771265],[-92.8147506069338,35.503778735753734],[-92.81466262732499,35.50364809867812],[-92.81467899444165,35.50350208161933],[-92.8147661497589,35.5032972375547],[-92.81478239794997,35.503136627700854],[-92.81472750717843,35.50300568529305],[-92.81477914876042,35.50281565065294],[-92.81472396356153,35.502655524406784],[-92.8147047897844,35.50252433927161],[-92.81463208374616,35.502393517319504],[-92.81448802993462,35.502263177132704],[-92.81430843500426,35.50214766951384],[-92.81420154548438,35.50216298478836],[-92.81398818038632,35.502237366416075],[-92.8136704329895,35.502575104317636],[-92.81343907573543,35.50263503861029],[-92.81311808189986,35.5026517961471],[-92.81290412433063,35.50266780817654],[-92.81262205992657,35.50300530286601],[-92.81246517007469,35.503371115420855],[-92.81212750656988,35.503504727571894],[-92.81192947920242,35.503330968859586],[-92.81194639295715,35.502992273863754],[-92.81191613817316,35.50284330276426],[-92.81185445866686,35.502794685152914],[-92.8117628704275,35.50270228004933],[-92.81178666023493,35.5023997760886],[-92.81169332823724,35.50215426231681],[-92.8116260070651,35.50206412209269],[-92.81141369680482,35.50179577959037],[-92.81121589978238,35.50160189119346],[-92.81115257087893,35.50141200182282],[-92.81112450628967,35.501344291325104],[-92.810816326951,35.500742004666584],[-92.81072279312006,35.5005836522089],[-92.81029179152343,35.50017168845295],[-92.81030165818613,35.50007677905922],[-92.81048737946278,35.499704286164416],[-92.81052211503923,35.49940241173316],[-92.81049110372712,35.499342497672814],[-92.81043143761205,35.49923248247722],[-92.8104316054877,35.499138502767245],[-92.8104428213791,35.49912950821496],[-92.8105028489761,35.49912501842578],[-92.8106929923968,35.49911556807122],[-92.81093809868834,35.499097552047225],[-92.81114113840839,35.499075708828734],[-92.81155601597015,35.499015642779014],[-92.81184595221434,35.498972713297775],[-92.81213173172488,35.499015803912954],[-92.81238747820412,35.49905914380442],[-92.8126177712463,35.49906167830368],[-92.81268693100411,35.49907927264506],[-92.81273615861669,35.499069473086585],[-92.81280888586632,35.49905499604709],[-92.81288335575529,35.49907261294096],[-92.81289247473823,35.49907480190641],[-92.81303860948125,35.499082960412686],[-92.81313293950659,35.49907966126995],[-92.81325235759934,35.4991009208531],[-92.81333006210421,35.499105439434736],[-92.81344805267793,35.49908986346759],[-92.81354257665983,35.49911427888161],[-92.81356204224234,35.49910513538872],[-92.81396485673746,35.499139773484465],[-92.814128552263,35.49914917499815],[-92.81426767951433,35.499157154412146],[-92.81447549723798,35.49917029676356],[-92.81473655555065,35.49916853298839],[-92.8148292496032,35.49919538810602],[-92.81486764871039,35.49918109607911],[-92.8153835659074,35.49918844081918],[-92.81570336069201,35.49912802292595],[-92.8158097245702,35.4990836411286],[-92.81624722284171,35.4989205535224],[-92.81648962956554,35.498836468588514],[-92.81679713126354,35.49873242080321],[-92.81714567885287,35.49857962262483],[-92.81729343219571,35.49852038953787],[-92.81742896247998,35.49842729004372],[-92.81748205412653,35.4983978145781],[-92.81758218051705,35.49832433395058],[-92.81765882908259,35.49827529535392],[-92.81772369852682,35.498236026524985],[-92.81784770243031,35.49817760714715],[-92.81798924121401,35.49808864572889],[-92.81803555664662,35.49797670131012],[-92.81820634727751,35.49788644386535],[-92.8183880654646,35.49783774249444],[-92.81854959747251,35.4977889437705],[-92.81872442848125,35.49776772340801],[-92.8188455566025,35.497735286568364],[-92.81886596069425,35.49773152929159],[-92.8189935488585,35.49770838738354],[-92.81912841990717,35.49762654410943],[-92.81928338920929,35.49755574917717],[-92.81939795277509,35.49750129131675],[-92.81951207205977,35.497518213276685],[-92.8195762899501,35.497513247353325],[-92.81964650025414,35.49750784312545],[-92.81973392926183,35.49749716277176],[-92.81984178345382,35.49743716903944],[-92.81992956867323,35.497366130476784],[-92.82004442701,35.4972622402602],[-92.82016581942531,35.49718583531807],[-92.82024662731632,35.49715869107351],[-92.82036110239153,35.49711520727243],[-92.82044214790704,35.49704414206742],[-92.82055662043699,35.497006144729774],[-92.82064387414886,35.49701748220348],[-92.82074472053866,35.49701240599522],[-92.82087237917146,35.497007428119026],[-92.82101354319651,35.496997009636935],[-92.82111436092185,35.4969919105354],[-92.82119689808977,35.496960854974404],[-92.82121535642895,35.496953841195335],[-92.82133645137128,35.496932399451495],[-92.8214171416465,35.496921739455864],[-92.82155144745941,35.49693324508798],[-92.82169246348379,35.4969447992588],[-92.82186005356174,35.4970059283771],[-92.82196045903983,35.49706672100703],[-92.82208137664459,35.49707268988449],[-92.82219573163547,35.49705117692815],[-92.8222833678532,35.497002106485134],[-92.82239784161676,35.4969586207467],[-92.82250533967787,35.49695905483979],[-92.82265344811127,35.49691020290933],[-92.82272095433945,35.4968610601792],[-92.82277515884968,35.49678438615694],[-92.82277524797698,35.49676790197966],[-92.822924149106,35.49659272708355],[-92.82297164525403,35.49651602959889],[-92.82305960160373,35.49641752776846],[-92.82315385878506,35.49637945683663],[-92.82324137394627,35.49635233483727],[-92.82338921705897,35.49634742443832],[-92.82351704928749,35.49632049469143],[-92.8236179252896,35.496304418468156],[-92.82371197352465,35.49630478042803],[-92.82383289117647,35.496310770992956],[-92.82390666502589,35.49633303178433],[-92.8240615408493,35.49627322820891],[-92.82411547921684,35.49624049782177],[-92.82421682569978,35.49614753197054],[-92.82429798328717,35.49605995566561],[-92.82435236240164,35.49595582175128],[-92.82438681924467,35.49581315845526],[-92.82442754425718,35.49574741031574],[-92.82453583229588,35.49561603417388],[-92.82461690135294,35.49554494273048],[-92.82471150761482,35.495451951325386],[-92.82472693556345,35.495441853404444],[-92.8248531658715,35.495359151680944],[-92.82499461807083,35.49530478521112],[-92.82516314450996,35.49520659341334],[-92.82535844675002,35.49513047151684],[-92.82558085059291,35.49501601074164],[-92.82572253657847,35.49491772254941],[-92.82584359761735,35.49489622933313],[-92.82602486796787,35.49491345573622],[-92.82616585092258,35.49493595540207],[-92.82635432698072,35.494881778597616],[-92.8265062074585,35.49482278536662],[-92.82653615016952,35.49481111573434],[-92.8265631341465,35.49479766916036],[-92.82671138223581,35.494723920945155],[-92.82685989186965,35.4946036837626],[-92.82704877440425,35.49447810236948],[-92.82722397542666,35.49439090678475],[-92.82735871504023,35.4943310268345],[-92.82741536018179,35.49429498429475],[-92.827453112822,35.4942710033925],[-92.82774257539391,35.494178772266515],[-92.82793778576205,35.494119130361035],[-92.8281703054261,35.49413107520385],[-92.82817946839413,35.4941420561566],[-92.8284882140651,35.49419823569714],[-92.82862919709572,35.49421524582951],[-92.82877755763437,35.49412244114976],[-92.82891179041448,35.494113136074525],[-92.8290796826394,35.49416208759529],[-92.82918011925697,35.49421741107908],[-92.82926074725319,35.494217743399574],[-92.82927655059228,35.49421639702652],[-92.82942627817414,35.49420362203826],[-92.82952299359208,35.49418033245154],[-92.82957371032086,35.49417879281247],[-92.82961797977094,35.4941776002077],[-92.82958982052588,35.49411304781029],[-92.82962947536963,35.49390786674872],[-92.82970351885129,35.49366256934552],[-92.82975783750439,35.49353127818226],[-92.8298892779059,35.493450684803],[-92.83006892125778,35.49332420469127],[-92.83016582793584,35.493272310293776],[-92.83024057224054,35.49309532579763],[-92.83022326671359,35.49276529403895],[-92.83020586891675,35.492550978788564],[-92.83020240343485,35.49251390177032],[-92.83020038980749,35.49246537288697],[-92.8301762022617,35.492248722661344],[-92.83018208258238,35.492146251683785],[-92.8299970745907,35.49175475403254],[-92.8299304532348,35.49163400954399],[-92.82989751411166,35.491554312323366],[-92.82995347606793,35.49149779339534],[-92.82995354977156,35.49149002200841],[-92.83007597152952,35.49140731749871],[-92.83037469251772,35.49140862232838],[-92.83070188628264,35.49135546765074],[-92.83091931108412,35.491119874971666],[-92.83112207443375,35.49107096111059],[-92.83139428944077,35.490916406060414],[-92.83207493390617,35.49054186561856],[-92.83226859264289,35.49025861569789],[-92.83211628046524,35.489967877729185],[-92.83184788591069,35.49008848197265],[-92.83168920055476,35.489987776842725],[-92.83187397374229,35.4898033075048],[-92.83195184303278,35.489711125546],[-92.83200467162838,35.4896406452343],[-92.83216342036036,35.48951562237594],[-92.83207520925266,35.489432891353175],[-92.8318988859898,35.48942927540909],[-92.83176447239869,35.48949749328057],[-92.83164509798681,35.48960404033474],[-92.83144711831048,35.48977839758859],[-92.83118042647749,35.48984271868949],[-92.83092163401737,35.489820476431376],[-92.83058336725833,35.4897819713528],[-92.8301846366518,35.4896909968357],[-92.83002760721969,35.48956232925993],[-92.82992060560007,35.48944291280405],[-92.82973921342868,35.48923276175665],[-92.82965986223633,35.48922845159348],[-92.82949058394347,35.48933774468235],[-92.82931507891556,35.48941343610779],[-92.82912215757678,35.489508484912],[-92.8288676209831,35.48961114810362],[-92.82876224957333,35.4896527333145],[-92.82862845796633,35.48966803587361],[-92.82799160110014,35.489737322041066],[-92.82793956483162,35.48972561721464],[-92.82775074588,35.489683144271865],[-92.82773243921277,35.489679026360676],[-92.82735425546635,35.48975369956761],[-92.82726309419498,35.48974473003566],[-92.82722487476357,35.48974258614972],[-92.82709711185599,35.489719437618334],[-92.82699707932396,35.48970569435688],[-92.82692363413473,35.48970379381176],[-92.82677967490086,35.48970478105554],[-92.82665352998619,35.489722480924215],[-92.82647480940533,35.48977175818783],[-92.82630441552962,35.48977292595362],[-92.82626622069849,35.48977318835635],[-92.82605417928778,35.48972180328532],[-92.82602174121467,35.48970997800777],[-92.82590960325363,35.48966269501047],[-92.82583002751858,35.48963921430682],[-92.82568876594351,35.489613750952294],[-92.82561818341281,35.48960701989577],[-92.8255036717558,35.48961501897895],[-92.8253820890709,35.48961830280793],[-92.82526162409694,35.489619128377555],[-92.82501971275477,35.4895222053796],[-92.82494295796657,35.489484298758455],[-92.82486445293506,35.48948735782087],[-92.82479316751514,35.489490134272245],[-92.82459982344977,35.48954431785715],[-92.82443276416345,35.48958389355372],[-92.82434612672198,35.489579045424954],[-92.82426149005849,35.48957430113492],[-92.82420347492985,35.489571055375364],[-92.82413563553901,35.4895450885184],[-92.8239968437811,35.489476341219856],[-92.82391413113078,35.48943366443785],[-92.82386388495432,35.489402767521625],[-92.82380685472052,35.48935900466978],[-92.82360684259699,35.489322360738065],[-92.82353033386157,35.489308453325386],[-92.82302084491404,35.48918937561519],[-92.82283813169153,35.48913297494516],[-92.82269323650505,35.48904505219031],[-92.82265203549508,35.489033309609226],[-92.82242867464551,35.489027641441815],[-92.82227322976068,35.489052751325616],[-92.82212123492774,35.48913065255515],[-92.82198386913348,35.48920126172954],[-92.8218525783418,35.48929106905317],[-92.8217469559665,35.48936148497042],[-92.82163888864126,35.489424680214945],[-92.82153045430155,35.48945184950268],[-92.82140698003955,35.48944309554851],[-92.82132742501572,35.489424397971035],[-92.8212537866683,35.48940087345021],[-92.82115667359956,35.489384724919454],[-92.82103907478236,35.489378357000064],[-92.82094220515827,35.48938618586197],[-92.82088370224413,35.48941060912817],[-92.82074050195615,35.48948606731965],[-92.82066166188496,35.4895346556718],[-92.82058924237654,35.48954661326419],[-92.820479829969,35.4895647057475],[-92.82029537284058,35.48962846507267],[-92.82022784801401,35.4896781213371],[-92.8201699845932,35.489720636310416],[-92.82003290711285,35.4898253772929],[-92.81990587823715,35.48992475014663],[-92.81978295830761,35.48997608894024],[-92.81967268779754,35.489985618053744],[-92.81954230629718,35.48999689508525],[-92.81933962315253,35.49000067727208],[-92.81923976339353,35.49000376111244],[-92.81907556774404,35.49003611761109],[-92.8188935634146,35.49004937864825],[-92.81869389676764,35.490057950340265],[-92.81848780478484,35.490018490010705],[-92.81831009189975,35.4899932652454],[-92.8182590634714,35.489986444813916],[-92.81800745038241,35.48999053336712],[-92.81787802089994,35.48997457690615],[-92.81772779095887,35.48993714087177],[-92.81767494612708,35.48993990490349],[-92.81761034205496,35.48994274761735],[-92.81755764113032,35.48996232074155],[-92.8174835388569,35.489985775622266],[-92.81740243632946,35.490011425348655],[-92.81731450826823,35.490031237196014],[-92.81722939562584,35.49004143423153],[-92.81710013644306,35.490042310465434],[-92.81704313077599,35.49002317807901],[-92.816952695716,35.48999285392939],[-92.81678770010146,35.4899435157294],[-92.81665136519531,35.48994203369336],[-92.81651012270584,35.48992377478825],[-92.81642749525702,35.48988347522364],[-92.8163646912981,35.489847172216436],[-92.81635360728792,35.489840733656656],[-92.81627389059577,35.489800412267954],[-92.81621504141457,35.489793620541306],[-92.81595676892442,35.48981939425924],[-92.81569266410581,35.48985001761387],[-92.81544172400903,35.489731563132786],[-92.81536244582392,35.48973450392446],[-92.81529474709848,35.48972774779981],[-92.81515947089802,35.489709445952904],[-92.81511226084345,35.4896905729129],[-92.81503274453361,35.489667061741166],[-92.81485798324113,35.48958918431716],[-92.81476932521086,35.489536921830194],[-92.81465723825221,35.48949681927883],[-92.81456574921127,35.48943979688741],[-92.81453901832757,35.48942313623058],[-92.81437368047351,35.4893425558554],[-92.81431162599587,35.48930692467529],[-92.81417820586455,35.489192506590236],[-92.81414762287501,35.489070132660174],[-92.81413224931532,35.488998158438605],[-92.81410189982358,35.488904665336335],[-92.81408220976435,35.488868771085336],[-92.81407514725684,35.48885924668588],[-92.81405772147362,35.4888411512745]],[[-92.81399506559961,35.508878766198784],[-92.81403009370462,35.50887224885226],[-92.81409065065478,35.50887702364],[-92.81421227124163,35.50891411982537],[-92.81433369444348,35.50894024410274],[-92.81444843611428,35.508966413884934],[-92.81454352678072,35.50902577796892],[-92.8146655396268,35.50908479652453],[-92.81473356727952,35.50913350896668],[-92.81482234086451,35.50921491068443],[-92.81490437774862,35.50929640388865],[-92.81496577666715,35.50935060078531],[-92.81509523253017,35.50945348829161],[-92.81513915714513,35.50948524919195],[-92.81517010963775,35.50950761737705],[-92.81519745516701,35.509534750747555],[-92.81526595883112,35.50961089502248],[-92.81536722689226,35.509637225433885],[-92.81545597399916,35.509718671723164],[-92.81550358947196,35.509751062089045],[-92.81561232573847,35.509821236438185],[-92.81568046560743,35.50987541171212],[-92.81574888666492,35.50994604549842],[-92.81578313839101,35.50998410576051],[-92.81587842784573,35.5100544414706],[-92.81597399745387,35.51014125909684],[-92.81602840829494,35.51017908945605],[-92.81610991381727,35.51022761608838],[-92.81616412592888,35.510254474603556],[-92.81628622846854,35.5103190242756],[-92.81640102956649,35.510350748358775],[-92.81652080680246,35.510380360082706],[-92.81654954844956,35.51038745031669],[-92.81667103192498,35.51041359577458],[-92.81671409140556,35.51041311298863],[-92.8169667501602,35.51041028484852],[-92.81699070664295,35.51040440175133],[-92.81707402516052,35.51048826679656],[-92.81717574436594,35.510542050317405],[-92.81727878208804,35.51063841244584],[-92.81729184090722,35.510650629068124],[-92.81734642189514,35.510699454912796],[-92.81738047793824,35.51072651859798],[-92.81740790914222,35.51075918421945],[-92.81742464677447,35.510768013423835],[-92.81749426658897,35.5106978221349],[-92.8175336822505,35.51064245090212],[-92.81761307620357,35.510564698523005],[-92.81775353500605,35.51052470637945],[-92.81783690729999,35.51051241995616],[-92.81787423173378,35.51050688958319],[-92.81800905545377,35.510505391602415],[-92.81809770534993,35.510281948944275],[-92.81817762342959,35.5100955515531],[-92.81818219755846,35.509649464246856],[-92.81818908618125,35.50943383921707],[-92.81831259828849,35.5090612879516],[-92.81839448022366,35.50881834890252],[-92.8183781227104,35.50879069720465],[-92.81832980175928,35.508714348840584],[-92.81829450665181,35.50861586972669],[-92.81828548772131,35.50847866301212],[-92.818281634817,35.50846493654304],[-92.81826403470606,35.508402014254244],[-92.81823584278074,35.50832543468541],[-92.81822857046093,35.50829256247626],[-92.81821393895896,35.50822133128177],[-92.81820627287408,35.50816649026325],[-92.8181915567942,35.50808974885024],[-92.81820416020823,35.50804018788001],[-92.81822998508957,35.50797946886341],[-92.81827588273808,35.507907546208486],[-92.81827495334554,35.50785263599201],[-92.81825274048144,35.507732050550025],[-92.81823867330385,35.50769376080451],[-92.81823701149324,35.50759491395158],[-92.81822207099707,35.50750720071201],[-92.81822740095843,35.50742476571482],[-92.81824617892084,35.5073421706434],[-92.81826534959244,35.507281520031896],[-92.81831099363667,35.50719862638876],[-92.81835694893117,35.50713221386757],[-92.818423144777,35.50707105695407],[-92.81851620661152,35.50700960229545],[-92.81856252688695,35.50696513501792],[-92.81859483588049,35.506887888185176],[-92.81861950399274,35.506755776030246],[-92.8186310090572,35.50664030869305],[-92.81860851321393,35.50650326383297],[-92.8185801534269,35.506415664793195],[-92.81855162530418,35.506317139990216],[-92.81847674881939,35.506263035518536],[-92.81842169155848,35.506186778914106],[-92.81838008221229,35.506110360392185],[-92.81837794174642,35.5059840579267],[-92.81838653636744,35.50590267555329],[-92.8183895581929,35.505874076509734],[-92.81838144016294,35.5057917799322],[-92.81836641520272,35.50569855736992],[-92.81838502324489,35.5056049887048],[-92.81837718681251,35.50553917502685],[-92.81837589222161,35.50546229601561],[-92.81845525168002,35.505384496068146],[-92.8184869957988,35.505274308679375],[-92.81848561646844,35.505191919448684],[-92.81845753880138,35.50512082580877],[-92.81839630795413,35.50507757985315],[-92.81837513728904,35.50501741397892],[-92.81840660095641,35.50489071935601],[-92.8184391062029,35.50482444522437],[-92.81845024386722,35.50468700818582],[-92.81842196946232,35.504604942745644],[-92.81837317135894,35.504501138756915],[-92.81830863354709,35.504449811538585],[-92.81828459626703,35.504430712281945],[-92.81808111564325,35.504323147773434],[-92.81802698931833,35.50430177777632],[-92.81791879379054,35.5042645460824],[-92.81787129173559,35.50423762092026],[-92.81779636276204,35.504178029284766],[-92.81773456896394,35.50410184061479],[-92.81766570156441,35.504003728896585],[-92.81760362661376,35.503911059052385],[-92.81753450675939,35.50379648873598],[-92.81748633015879,35.50373111078474],[-92.8174317548847,35.50368228496238],[-92.81738414115392,35.503649872790014],[-92.81726932041222,35.50361819737923],[-92.81716814497294,35.50359735533638],[-92.81706688499126,35.50357102733454],[-92.8169790437388,35.50354456091069],[-92.81689802462394,35.50352348953578],[-92.81688869047267,35.50351818167879],[-92.81685052445144,35.503496563070755],[-92.81678222111624,35.50343141576515],[-92.81673404423861,35.50336603841201],[-92.81670625106793,35.503311427263554],[-92.81665762508415,35.503218594317026],[-92.81662617190173,35.50316221031836]]]}},{"type":"Feature","properties":{"name":"BROCK CREEK #52","id":"2341","atv":"open","motorcycle":"open","fourwd_gt50":null,"other_wheeled_ohv":"open","seasonal":"yearlong","trail_class":"TC3 - DEVELOPED"},"geometry":{"type":"MultiLineString","coordinates":[[[-92.79331438145131,35.49039338880353],[-92.79327238995658,35.490703735419814],[-92.79325501196585,35.49084382503112],[-92.7932414964863,35.49095271899525],[-92.79323315399664,35.4910361758164],[-92.79326551783412,35.49117129137996],[-92.79329767347015,35.491305521136326],[-92.79331900932156,35.49145436914295],[-92.79336012119546,35.491608247158126],[-92.79348693205662,35.49175264022649],[-92.79360262636867,35.49187866157431],[-92.7937623756157,35.491979013661854],[-92.79394406642142,35.49209227252862]],[[-92.79394483776244,35.49210970851672],[-92.79405152103658,35.49212957588412],[-92.79448908534437,35.49232263527477],[-92.79454724431963,35.492380974011795],[-92.79466019865617,35.492434421553945],[-92.7947300396592,35.49240363117367],[-92.79483364050728,35.492443598019484],[-92.79527477171015,35.492517575405515],[-92.79552465950572,35.492699283256876],[-92.7956919979846,35.49282755409828],[-92.79588084864275,35.49303240647251],[-92.79606520445397,35.49307396323117],[-92.79638662368131,35.49316152338914],[-92.79664749783065,35.4932528199766],[-92.79694873372294,35.49337791625875],[-92.79718102770782,35.49353220917855],[-92.79729281457823,35.493692295361676],[-92.79744271084712,35.493877906740266],[-92.7975235084913,35.49402222639381],[-92.7975566175022,35.49409919879813],[-92.79756935504605,35.494209110140936],[-92.7975553469817,35.49430241025149],[-92.79751438472135,35.494401119323435],[-92.79749398076447,35.49443947633029],[-92.79745335246871,35.49449424131413],[-92.79740599436084,35.49453796036342],[-92.79729141635553,35.49459790652438],[-92.79717690386609,35.494641368379845],[-92.79712298326803,35.49467408584651]]]}},{"type":"Feature","properties":{"name":"BROCK CREEK #26","id":"2342","atv":null,"motorcycle":"open","fourwd_gt50":null,"other_wheeled_ohv":null,"seasonal":"yearlong","trail_class":"TC3 - DEVELOPED"},"geometry":{"type":"LineString","coordinates":[[-92.82252214538,35.52839099885709],[-92.82240387068971,35.52833612170849],[-92.82212968897744,35.52834305812856],[-92.82209967071596,35.52833754255935],[-92.82208364304975,35.52832600016028],[-92.82203719015034,35.52829694493405],[-92.82182495844704,35.52821424295564],[-92.82172408790333,35.52820962976547],[-92.82156936423623,35.52831565937403],[-92.82139830540899,35.528268026456956],[-92.82136610864292,35.52823371283874],[-92.82129942328584,35.52817845746485],[-92.82120108733825,35.52806404114253],[-92.82105773977011,35.52799165485949],[-92.82087365284482,35.527915438052325],[-92.82080937039218,35.52787160645108],[-92.8208444669102,35.52783480306806],[-92.82082246802955,35.527786480868464],[-92.82074204296782,35.5277646375744],[-92.82071933310266,35.52772507576887],[-92.82065330488638,35.5277228632047],[-92.82049096758467,35.52767895141289],[-92.82034331757612,35.52761591083641],[-92.82025781382724,35.52767010059442],[-92.82009864479787,35.52767356462404],[-92.8199648844262,35.527532818150284],[-92.81996305767308,35.52748253682947],[-92.81991388000273,35.52743545064694],[-92.81983694234854,35.52738290127573],[-92.81977469762347,35.52735112651214],[-92.81973269446296,35.52729890157114],[-92.81960086195105,35.527210044733465],[-92.81952345988243,35.52719317512022],[-92.81944480201669,35.52715688984657],[-92.81937937390333,35.52710416896271],[-92.819259375919,35.52703012848546],[-92.81917334166613,35.52697904288477],[-92.8190009764585,35.52699342828021],[-92.81891856735974,35.52699807348864],[-92.81872788020092,35.526983094440006],[-92.8186018810488,35.52699852003142],[-92.81846888042067,35.52694621095838],[-92.81824019719205,35.52686840098936],[-92.81818607909281,35.526838134413225],[-92.81801168413192,35.5269337859342],[-92.81796579293045,35.5269710582032],[-92.81784587596674,35.52703411898594],[-92.81777521844054,35.527042957668044],[-92.8176854885025,35.52704963684925],[-92.8176130740979,35.527068130505306],[-92.8173689845406,35.527045455794905],[-92.81711708873472,35.527055591132566],[-92.8169842971482,35.527144772581],[-92.81690779828395,35.52720835544406],[-92.81685083785965,35.527170893185065],[-92.81681435509671,35.5271249097172],[-92.81674692759911,35.52706650478872],[-92.81662272489646,35.52699167265866],[-92.81656048102721,35.526937433980834],[-92.8165140156194,35.526920915147336],[-92.81647610116195,35.526916735055785],[-92.81639432971522,35.52692807616935],[-92.81635660080998,35.52689716107928],[-92.81621092420154,35.526811429872346],[-92.81614222803721,35.52677712866199],[-92.81609057743105,35.52673654806636],[-92.81603515259678,35.526698327658735],[-92.81593009646016,35.52663566943007],[-92.81588831041336,35.526604573078075],[-92.81584745462355,35.526589228401676],[-92.81566140632297,35.526507528438984],[-92.81559892342852,35.52650855820685],[-92.8155371369789,35.52649926314915],[-92.8154140029457,35.526504345000326],[-92.81528320053144,35.52647977998558],[-92.81522379728868,35.526454777820284],[-92.81505286257209,35.526469382478],[-92.81490372513574,35.52642528053008],[-92.81486277873648,35.52646583405233],[-92.81478790460004,35.5264982340149],[-92.814495665856,35.526636600620776],[-92.81435652161618,35.52643964792848],[-92.81419563773036,35.52626211679182],[-92.81409728520698,35.526071320969415],[-92.81408115189342,35.5260292848611],[-92.8139788903127,35.52603378248447],[-92.8138861974453,35.526049561080704],[-92.81383308255614,35.52604767758689],[-92.81378881542848,35.52625122667355],[-92.81379363355406,35.52626445611557],[-92.81378946143946,35.52630102568263],[-92.81383754644727,35.52649748326678],[-92.81378391243246,35.52677746997969],[-92.81367597400623,35.52686734436758],[-92.81345920477338,35.52687142115627],[-92.81327274129669,35.52686448376248]]}},{"type":"Feature","properties":{"name":"BROCK CREEK #23","id":"2333","atv":null,"motorcycle":"open","fourwd_gt50":null,"other_wheeled_ohv":null,"seasonal":"yearlong","trail_class":"TC3 - DEVELOPED"},"geometry":{"type":"MultiLineString","coordinates":[[[-92.81671409140556,35.51041311298863],[-92.81675045937911,35.510496576906256],[-92.81676773235098,35.510575027398154],[-92.81679592176958,35.51065146751846],[-92.81682408745507,35.51081558204523],[-92.81672590832319,35.51104312717621],[-92.81664963396437,35.5110374101237],[-92.8164291548857,35.51098956692379],[-92.81638278654549,35.51094801699286],[-92.81634265737974,35.51088239843918],[-92.81629968369481,35.51081799008498],[-92.81610945901755,35.5106336106198],[-92.81605114293372,35.510616094302875],[-92.81589302331058,35.51053925021334],[-92.81584012647924,35.510493167348656],[-92.81580281855452,35.51043250306774],[-92.81576974540366,35.51033895785397],[-92.81570178047023,35.51024856746138],[-92.81556600377554,35.510204025916124],[-92.81543970778162,35.51023556061398],[-92.81537023502956,35.51032038950297],[-92.81535675133082,35.510483315348466],[-92.81524611666893,35.51073321777812],[-92.81520383761173,35.51090077463328],[-92.81527614687387,35.51100007861053],[-92.81536098357698,35.5111182564651],[-92.81541989385586,35.51119425520999],[-92.81549661960939,35.51122490661171],[-92.81556902165252,35.51124293253231],[-92.81566665267026,35.511225857215756],[-92.81567993309214,35.51119508740034],[-92.81572905354913,35.511156113068004],[-92.81582674604792,35.51115358430083],[-92.81587411499784,35.51114175280656],[-92.81595911243065,35.5111319542552],[-92.81613901162787,35.51126116326885],[-92.81648474679318,35.51142805437498],[-92.81656704051568,35.51154865389229],[-92.81662269874042,35.51165874001108],[-92.81704099381372,35.51169300728004],[-92.81707171857106,35.51170115714947],[-92.81718954088694,35.51168151712303],[-92.81745209372498,35.511752561168144],[-92.81768612610898,35.51184397256615],[-92.81780644574837,35.51191829295895],[-92.81797980504243,35.51203853038322],[-92.81819604232915,35.51214061491537],[-92.8183836185698,35.512378433342455],[-92.81847930001936,35.51258799296419],[-92.81845337187427,35.512689105579305],[-92.81835232059979,35.512878215922775],[-92.81824883749017,35.51333386947358],[-92.81848540292377,35.513454704489185],[-92.81868659689503,35.51338854523406],[-92.81893234740573,35.513421409492366],[-92.81897100107741,35.513467868147764],[-92.8198438259927,35.513270429510705],[-92.82002787239081,35.51323674567],[-92.82026896740037,35.51365883874688],[-92.82027518651279,35.51405056605518],[-92.82016243346594,35.514102771296194],[-92.81987278128662,35.51417583755562],[-92.81916715640456,35.514340362931335],[-92.81871075039294,35.514540398685305],[-92.81871230186677,35.51466066883754],[-92.81871267974036,35.51473148354864],[-92.8189284606712,35.51486361857581],[-92.81910923879853,35.515005051910784],[-92.81907174932556,35.51505326547465],[-92.81878902398681,35.51524902648161],[-92.81864944360184,35.51523580208101],[-92.81856008678122,35.51523299968567],[-92.81847172732472,35.515246674866376],[-92.8183832231575,35.51527709189716],[-92.81815804937902,35.51551315775518],[-92.81750455145976,35.514974405628905],[-92.8173573149291,35.51492999124755],[-92.81698547235831,35.515006105362936],[-92.81684376045321,35.51530044289813],[-92.81678506348119,35.51536406998375],[-92.8166044002432,35.51545044554921],[-92.8162722857127,35.51542320579014],[-92.8162102330693,35.51544874923253],[-92.8161193597841,35.51580041189996],[-92.81610334191207,35.5159330486686],[-92.81613831284872,35.5160500922071],[-92.81638068961092,35.5161437612493],[-92.81642093106292,35.51618640366132],[-92.81642253507556,35.51667108929177],[-92.81644600337881,35.516794259172244],[-92.81668400391983,35.5168561327158],[-92.81681858590534,35.51707446540436],[-92.81692182931779,35.51720173985924],[-92.81699765824868,35.517475294025],[-92.81699640176187,35.51765814628565],[-92.8170187086491,35.51772306848484],[-92.81685441693655,35.5179710485754],[-92.81685226132286,35.517995111656056],[-92.81673353085303,35.51822727880026],[-92.81650142696753,35.51827426428661],[-92.81641711704255,35.51828786386187],[-92.81638227564834,35.51829349312759],[-92.8163650870587,35.51852464585928],[-92.81637728522637,35.51852785542209],[-92.81645234373154,35.51854754841703],[-92.81649153844435,35.51855783113171],[-92.816675889291,35.51860619996015],[-92.81682144335991,35.51862501341862],[-92.81712208777807,35.51862297557943],[-92.81732308142664,35.518676250265685],[-92.81742331430887,35.51867557067992],[-92.81745644853129,35.51864802806149],[-92.81765580694831,35.518537427441935],[-92.8178879623522,35.5183719681895],[-92.81805359983997,35.518234253405204],[-92.8182206272513,35.51823312026267],[-92.81835427255888,35.51823221343703],[-92.81862180941802,35.51825771566732],[-92.81875625872476,35.518338756569776],[-92.81895892070193,35.51855590061991],[-92.81909392658253,35.51869155134471],[-92.81926376383086,35.51896353091403],[-92.81946698363298,35.519235283388106],[-92.8196702058529,35.51950705895643],[-92.81980465829638,35.51958809868282],[-92.81983946072552,35.51972442925937],[-92.81985504585487,35.519779613711655],[-92.81990878941572,35.519969796554626],[-92.81981217075577,35.52032554223004],[-92.81974868440717,35.52065374276079],[-92.81971836171606,35.52095440095621],[-92.81982190929631,35.52128146606179],[-92.81985671242265,35.52141781913883],[-92.8198912381482,35.52152683330585],[-92.81999144698754,35.5215261524573],[-92.8200579936392,35.52149838128219],[-92.82019161456735,35.521497473294524],[-92.82035895402328,35.52152365270663],[-92.82049257609631,35.52152274348566],[-92.82052515267534,35.5214405682255],[-92.82069441499748,35.52165793727933],[-92.82083085040175,35.52193016512331],[-92.82100178560624,35.522311407502784],[-92.82103603420062,35.5223931040779],[-92.82120334932156,35.52241928318336],[-92.82140379678201,35.52241791746711],[-92.82167162889833,35.52247072931204],[-92.82200653723169,35.52255037662947],[-92.82240882825798,35.52268420049557],[-92.82267610379559,35.52268237741596],[-92.82297592515297,35.52259840123308],[-92.82334399671124,35.52265052419788],[-92.82341138058824,35.522704676774055],[-92.8237816620202,35.52297530479086],[-92.82411800050754,35.52319150367006],[-92.82435404466293,35.523408411281004],[-92.82435656420043,35.523654232211136],[-92.82439224313197,35.523872509569465],[-92.82442705624591,35.52400883875478],[-92.82459633442616,35.524226224828],[-92.82469881346012,35.524443998689186],[-92.82480157328659,35.52468913477839],[-92.82513789402772,35.52490535418368],[-92.82540573688534,35.524958156844505],[-92.82597228412979,35.524817687447765],[-92.82673931326481,35.52467586430216],[-92.8274394820924,35.52453449516234],[-92.82767419211604,35.524614814683275],[-92.8280439635605,35.52483079697325],[-92.82841370610596,35.525046778083556],[-92.82898446976111,35.52531598988185],[-92.82932083305653,35.52553219768087],[-92.82989216732999,35.52585603602841],[-92.83005949035572,35.52588220285942],[-92.83025941283634,35.525826189846434],[-92.83059377901769,35.52585120503642],[-92.83089447885821,35.52584913388991],[-92.83129539174111,35.52584636996457],[-92.83146328041407,35.52592716659232],[-92.83143155875489,35.52609127028887],[-92.83136617009613,35.5262282886947],[-92.83129990595263,35.52628338060386],[-92.83109916539722,35.52625744641605],[-92.83093127635561,35.526176672728226],[-92.83066314565538,35.52609656690937],[-92.83056290250798,35.52609725746882],[-92.83049779244013,35.526261590816404],[-92.83076730672455,35.52647825512093],[-92.83123730913015,35.52669353683215],[-92.83127100597899,35.52672059874245],[-92.83164104962613,35.526963886259],[-92.83201168761036,35.52726178095872],[-92.832249799141,35.52766986118664],[-92.83231857899884,35.52786059029127],[-92.83248788549933,35.52807794178684],[-92.83275687489508,35.52823996993482],[-92.83322689290189,35.52845524297123],[-92.83332685462531,35.5284272347984],[-92.83382969702384,35.528587643998364],[-92.834096423882,35.52853116305278],[-92.83429603786769,35.52844785138266],[-92.83456245270656,35.52836405395996],[-92.834895726554,35.5282798155046],[-92.83519728594943,35.52835965822868],[-92.83546599668794,35.52849436403806],[-92.83596887027203,35.52865476346505],[-92.83663936377178,35.528868633911856],[-92.83707569611359,35.529056809015756],[-92.83724388185632,35.529164912985294],[-92.83747975162184,35.5293544551737],[-92.83775185444814,35.529816925253655],[-92.83805228302813,35.529787519104254],[-92.83881771082892,35.53003207487096],[-92.8389141207802,35.530148125204924],[-92.8391536818683,35.53030210108851],[-92.83953648244061,35.53049397834161],[-92.83972747657745,35.530550996548506],[-92.83980030066766,35.53068668371952],[-92.83982652729271,35.53091994113853],[-92.83973417714752,35.531192947777896],[-92.8396412156076,35.53140758521452],[-92.83964324531543,35.531602113765985],[-92.8396690671213,35.53179647557541],[-92.83974290670662,35.532029402227444],[-92.83991049069945,35.5321255059041],[-92.84012670419472,35.53231854135324],[-92.84043872132999,35.53256928073088],[-92.84063071005313,35.532723562170595],[-92.84077409897421,35.532780934164315],[-92.84094069966471,35.53277977174504],[-92.84106009334461,35.5328178386906],[-92.8411794881963,35.532855928061004],[-92.84129949297655,35.532952362063895],[-92.8413005092925,35.533049625855206],[-92.84132569597244,35.533185619946224],[-92.84139913501389,35.5333796490489],[-92.84151995409445,35.53355389836134],[-92.84168818326445,35.533708343437674],[-92.84187997253024,35.533843198067636],[-92.84209517696236,35.53393896618252],[-92.842119580094,35.5339971446047],[-92.84228821831921,35.53419050787043],[-92.84243242632658,35.53432567086921],[-92.84250543104474,35.534480803644406],[-92.84257785622599,35.534577568239],[-92.84267447951987,35.53471306374923],[-92.84262829218797,35.534849602785215],[-92.84255752621922,35.534908422403255],[-92.8424151211906,35.534948339697586],[-92.84227213536712,35.53492986524789],[-92.84205756819436,35.53489246476715],[-92.84196175941794,35.534834785185886],[-92.84189116656547,35.534913076059084],[-92.84191618006942,35.53502962178362],[-92.84196481200993,35.53512652956857],[-92.84196582910026,35.53522381676449],[-92.84189442333386,35.53522431556911],[-92.84179963232017,35.53526389961512],[-92.84177688590559,35.53536132875571],[-92.84187368352053,35.53551627219093],[-92.84189869824014,35.535632841352495],[-92.84187571868446,35.53571079968466],[-92.84180451689711,35.5357307926616],[-92.84170914172795,35.53571196251675],[-92.84158994680064,35.53569334536277],[-92.8414461443943,35.535597077867685],[-92.8412069420898,35.53548202651175],[-92.84108795084693,35.53548285620244],[-92.84096855210512,35.53544479019125],[-92.84096773936824,35.53536697377784],[-92.84084691767762,35.535192723959284],[-92.8408459007873,35.53509546110032],[-92.8409160873896,35.53497825181355],[-92.84089124984634,35.534881153189254],[-92.840795645075,35.53484292092813],[-92.84060446453192,35.53476643277326],[-92.84043542307089,35.534534147244145],[-92.84043379748832,35.53437853873173],[-92.84033720599155,35.534243018023],[-92.84016857124605,35.53404965204136],[-92.84002375974332,35.533856142498465],[-92.8397607720232,35.5337412307191],[-92.83961656954975,35.53360606542881],[-92.83947193326519,35.53343197908046],[-92.83944631535448,35.53325706553409],[-92.83935074187681,35.5332188321623],[-92.83915933397591,35.533122916861736],[-92.8388731665547,35.53306653617388],[-92.83870534942345,35.532950982776335],[-92.83853654741792,35.53273814192877],[-92.83841431697842,35.53242770675736],[-92.83812430284301,35.532001763256424],[-92.83790829855992,35.53182817248116],[-92.83757189084103,35.531519247201565],[-92.83723791527939,35.531443746077606],[-92.83692755878073,35.5313486287116],[-92.83664056087366,35.53121445055213],[-92.83630560586407,35.53104168214026],[-92.83606601826513,35.5308877005868],[-92.83582721280497,35.530811558457685],[-92.83525610915686,35.53081551526689],[-92.83501773581438,35.53077824285455],[-92.83466078059065,35.530780714211424],[-92.83447042306672,35.53078203282376],[-92.83447062468902,35.530801480186284],[-92.83440023078352,35.53089923842592],[-92.834257455537,35.53090022619317],[-92.83418605246919,35.53090072044302],[-92.83409085867459,35.530901378489574],[-92.83401928387732,35.53088242351577],[-92.83392288121529,35.53076637110478],[-92.83385070110863,35.53068904869314],[-92.83382526899024,35.530533604676],[-92.83384787951614,35.530416727890454],[-92.83394284151153,35.530396599185615],[-92.83398964643433,35.5303184776356],[-92.83406061621179,35.53027906348405],[-92.8339410270255,35.5302215422461],[-92.83374966253399,35.530125594045224],[-92.83365446964909,35.53012625355324],[-92.83348830693164,35.53016629979353],[-92.83341690561241,35.53016679449302],[-92.83341630046061,35.53010842714791],[-92.83339150211589,35.53001132696855],[-92.83324852600745,35.529992865276604],[-92.83303414991943,35.52997489698858],[-92.83284356217136,35.529956764727615],[-92.83262881154927,35.52989987487588],[-92.83243721958192,35.52978447718664],[-92.83234162493366,35.529746214775756],[-92.83227048238237,35.529766178786836],[-92.8321044634152,35.529825673116164],[-92.83193910448956,35.52994355808907],[-92.8317499270707,35.530061583629546],[-92.83167915625623,35.53012041944144],[-92.83156037484136,35.53014071146801],[-92.83139377952388,35.53014186094499],[-92.83129861529059,35.53014251683028],[-92.83127519780298,35.53018157661313],[-92.83127580140449,35.53023994396404],[-92.83144239471589,35.530238796450845],[-92.83168136872791,35.53033441892775],[-92.83175354537765,35.5304117191909],[-92.83194594294821,35.53060493356845],[-92.83206736916844,35.53083755974546],[-92.83202073548645,35.530935152207846],[-92.83195016621298,35.531013437337755],[-92.83202335099021,35.531188023847506],[-92.83204998706263,35.531460203792975],[-92.83212397668161,35.53171258238407],[-92.83212457979793,35.531770951519405],[-92.83210139191429,35.53182948319826],[-92.83198280694963,35.53186919954357],[-92.83181663981006,35.53190924526043],[-92.8315310559147,35.53191121445724],[-92.83122173723355,35.5319133472303],[-92.8310079577145,35.531953742664726],[-92.83088894403936,35.531954563170416],[-92.83079458055597,35.53203303424884],[-92.83072438183855,35.532150237669654],[-92.83070179496795,35.53226711386246],[-92.83067958187064,35.53242288653549],[-92.83061141919957,35.53273464106967],[-92.83058940648196,35.53290986197437],[-92.8306628171936,35.533103896647546],[-92.83073663185819,35.533336852138284],[-92.83071424648664,35.53347317657037],[-92.83069122911743,35.53355115617621],[-92.83069203191894,35.53362897265526],[-92.8305968348843,35.53362962793478],[-92.83045405477209,35.53363061118574],[-92.83040727317065,35.533708731346266],[-92.83031348250046,35.53384557019976],[-92.83024371138497,35.53400166985565],[-92.83012612620166,35.5341386716246],[-92.83012753129829,35.53427483197047],[-92.83029611257355,35.53446821368146],[-92.83029792025478,35.53464329307382],[-92.83022711676703,35.534702128837715],[-92.83008433364867,35.534703111643935],[-92.82996537106362,35.53470393040266],[-92.8298449475931,35.534568588626534],[-92.82972415229169,35.534394328614326],[-92.82967456196631,35.53420012868974],[-92.82962517228825,35.53402539863765],[-92.82955015763754,35.53367573130281],[-92.8294985618092,35.53328700359157],[-92.82942475182719,35.53305406989431],[-92.82923395837867,35.53301648366045],[-92.82916178077609,35.53293915847845],[-92.82911276500113,35.532803302129125],[-92.82910975909309,35.53251151054989],[-92.82901318885074,35.53237600513323],[-92.82893917975161,35.532123601203125],[-92.82891518727348,35.53210431575308],[-92.828863940819,35.53175450757857],[-92.82897994879623,35.531461897438376],[-92.8289779459314,35.53126736967697],[-92.8288583302989,35.53120982083261],[-92.8286903885726,35.53107480532731],[-92.82873616700276,35.530899398463966],[-92.82878117407421,35.5306461750958],[-92.82870797024535,35.53047163257107],[-92.8285645930201,35.53041422370216],[-92.82835081616864,35.53045461444432],[-92.82797107296575,35.53055449260664],[-92.82778171594397,35.53065304021601],[-92.827545746944,35.53084920082458],[-92.82728518646509,35.530967733080765],[-92.82709459995989,35.530949567393755],[-92.82692863206998,35.53100907719317],[-92.82673944373578,35.53112709482465],[-92.82655105363914,35.531322927778895],[-92.82643409494929,35.531518270854676],[-92.82650666700776,35.53163447077045],[-92.82672144761526,35.53169139318994],[-92.82677023029379,35.53180777877],[-92.82708120461051,35.531961288722094],[-92.82701180090659,35.53215630648213],[-92.82701360041696,35.532331339984474],[-92.82708800330079,35.5326226650456],[-92.82730518673785,35.53291298724895],[-92.82711679492208,35.53310882102249],[-92.82692720231249,35.533187942367],[-92.82685742522038,35.53334404006411],[-92.8267878188969,35.53351960938114],[-92.82659945308282,35.53371544236048],[-92.82658378809775,35.53377548594011],[-92.8265536385966,35.53389084827028],[-92.82650885106003,35.53416351804676],[-92.8263202536665,35.534339878816375],[-92.82622628437427,35.534457266236316],[-92.82625207359118,35.53465163073703],[-92.8264922526197,35.53486397644577],[-92.8266848191928,35.53507664728478],[-92.82666182614346,35.53515462612981],[-92.8266168385708,35.535407824188],[-92.82657242224862,35.53571939039028],[-92.82650444166407,35.5360505906367],[-92.82636425286785,35.53630444142667],[-92.82617565118046,35.53648082533711],[-92.8261298628555,35.53665623103966],[-92.82615884860444,35.5371618117145],[-92.82613924997747,35.53757050176945],[-92.82614224529024,35.537862269704554],[-92.82600422207577,35.53833014175108],[-92.82574463273627,35.53854591079293],[-92.82553146000642,35.53864464120186],[-92.82536664412747,35.538820838170956],[-92.82527303834067,35.53897712029244],[-92.82520265369382,35.539074873019366],[-92.82522864237656,35.53928868583465],[-92.82523003924973,35.5394248460979],[-92.82535003462819,35.539521294938325],[-92.82556543386191,35.53963656413433],[-92.825829248395,35.539829298869435],[-92.82592582104704,35.539964807578],[-92.82592781887688,35.540159335092056],[-92.82585720684921,35.5402376398992],[-92.82569081880814,35.54025822791766],[-92.82559521492993,35.54021998364311],[-92.82545062697999,35.54004588166661],[-92.82521103351324,35.539891878762404],[-92.82492322759246,35.53967985826186],[-92.82460647960067,35.53957882298154],[-92.82439376915191,35.539483309608656],[-92.82431557398532,35.53945447146218],[-92.82424363574637,35.53933927033897],[-92.82424264801686,35.539242870367325],[-92.82426522626189,35.53914628563254],[-92.82435821871132,35.53901071820082],[-92.82440396569034,35.538875403805605],[-92.82437901826717,35.538740641971074],[-92.82428407919383,35.53868345639475],[-92.82400005521879,35.53858899071517],[-92.82385792890247,35.538532102905876],[-92.8236690402634,35.538514130846636],[-92.82355110126402,35.538514935749795],[-92.82328948726537,35.53830462311917],[-92.82305124206586,35.53807488722877],[-92.82293231865435,35.537979292434834],[-92.82288437080712,35.53790249865524],[-92.82293054335446,35.53780577658176],[-92.8230239019521,35.53770873242014],[-92.82297595528041,35.537631938675304],[-92.8228322553681,35.537420867535005],[-92.82280747945622,35.53730532003116],[-92.82292344441747,35.53711171492591],[-92.82294506610377,35.53691875387709],[-92.82285013129736,35.53686156716538],[-92.82294329073642,35.536745262338435],[-92.82294151653171,35.53657174645156],[-92.82284618707857,35.53647599052784],[-92.82275125291453,35.536418780292664],[-92.82258632738204,35.53643919037617],[-92.82242241597464,35.536556002104135],[-92.82235324139863,35.53671071482808],[-92.8222840389759,35.53686542836867],[-92.82223924633355,35.537097095086295],[-92.82214647793558,35.537251992903705],[-92.82205230188077,35.537271897042864],[-92.82191099606548,35.53729214718848],[-92.82165192204577,35.537332483427136],[-92.82146244568216,35.53725665366182],[-92.82141450076655,35.53717986019721],[-92.82134116254173,35.53692968804839],[-92.82129223370336,35.53675651704851],[-92.82124307985245,35.53656403748395],[-92.82124032408792,35.53629412334629],[-92.82116799985627,35.536140373679935],[-92.82097793716325,35.53600668888018],[-92.8208124236155,35.535969267519846],[-92.82050521143091,35.535913499978676],[-92.82045785748913,35.53589453604837],[-92.82041008205073,35.535837026285826],[-92.82040870719851,35.53570208047003],[-92.8203587694156,35.535432485527906],[-92.82028526830508,35.53516305110449],[-92.82026010390948,35.53500898161507],[-92.82016497472577,35.53493250681785],[-92.81999890246327,35.53483723010131],[-92.81988096772184,35.534838031429835],[-92.81976185661043,35.53472314842137],[-92.8195257923248,35.534705490686285],[-92.81936129046233,35.53476446654044],[-92.81912758162854,35.53497810614578],[-92.81901180671433,35.53519099181162],[-92.818896030136,35.535403853912165],[-92.81880367803561,35.53559729500711],[-92.81875884737796,35.53582898475524],[-92.81878557949241,35.536137286312666],[-92.81871617363545,35.536272712742345],[-92.81878812991896,35.536387917233206],[-92.81881309590294,35.53652270373357],[-92.81881486232145,35.53669621875642],[-92.81869964231612,35.536966934829984],[-92.81865598763407,35.53731428702741],[-92.81873069101982,35.53769940655619],[-92.8187796435426,35.53787260113827],[-92.81889777771633,35.53789106160656],[-92.81899215137196,35.53789042154676],[-92.81913303804141,35.53783162902479],[-92.81920322903224,35.537773317357654],[-92.81922407420775,35.537503242054164],[-92.81922230800315,35.537329726157886],[-92.81922034459032,35.53713692610179],[-92.81921818502207,35.53692486532877],[-92.81924017907407,35.53677047413168],[-92.81923900233953,35.53665478904083],[-92.81935615291752,35.53657687336563],[-92.81944912204999,35.536441262747594],[-92.81956588078573,35.536324799292956],[-92.81961267373677,35.53628591024539],[-92.81965963417872,35.53626630439039],[-92.8198015561714,35.536303911188064],[-92.8198261312657,35.536400151716975],[-92.81982809611792,35.536592951791036],[-92.81992420727516,35.53676582506414],[-92.82004391285358,35.5369385161644],[-92.82009244527241,35.53707316443419],[-92.82002346318447,35.537247160849475],[-92.81997784771997,35.53740171258233],[-92.82002601748158,35.53749779170908],[-92.82016948503716,35.53768962976393],[-92.82035977545722,35.53784257745932],[-92.82043190326003,35.537977041614106],[-92.82045923167954,35.53834319605822],[-92.82041322577969,35.538459202177506],[-92.82036744266189,35.538594469020445],[-92.82034502875892,35.53871031458575],[-92.82039238327708,35.53872925420983],[-92.8204165669551,35.53878694883178],[-92.82041715620441,35.53884477873057],[-92.82034719021715,35.53892237528292],[-92.82023000848905,35.53900029274217],[-92.82015967703568,35.53903934437488],[-92.8201118999557,35.538981834519355],[-92.82011130987816,35.53892397937295],[-92.82006356158264,35.53886646954029],[-92.81992242128491,35.53890595546185],[-92.81971092149773,35.53898456017166],[-92.81940527016229,35.53908302062295],[-92.81924095653304,35.53916125785016],[-92.81891327983527,35.53941415411921],[-92.81877351121892,35.539588606972075],[-92.81865694356979,35.5397243997109],[-92.81865910064877,35.539936438749734],[-92.81861508082096,35.54024524324964],[-92.81849929581925,35.54045812911082],[-92.81842968980293,35.54057427022153],[-92.81805523726092,35.54086600758478],[-92.8178222913751,35.54115680709673],[-92.81758839270587,35.5413512062141],[-92.8173316527208,35.541622880573534],[-92.81728583503312,35.54175814611303],[-92.81717124908617,35.54208669042827],[-92.81712562532023,35.542241264376756],[-92.81696091188323,35.54228092925187],[-92.8168913009078,35.542397093771285],[-92.81694005781505,35.5425510039236],[-92.81683501682666,35.54270859556772],[-92.81663695130777,35.54294118208207],[-92.81631668258042,35.543152320101065],[-92.81609961510804,35.54326644711211],[-92.8160190418758,35.54324821974803],[-92.81583661305253,35.54338085974512],[-92.81572482630598,35.54368201979013],[-92.8154859303918,35.543908902977066],[-92.81531441246038,35.54398515271601],[-92.81492689710682,35.54427878790623],[-92.81483588522767,35.54436387865026],[-92.81445728298806,35.54440398059046],[-92.81386021060766,35.544417397767646],[-92.81345754009392,35.544354410327685],[-92.81310010191457,35.54421602890078],[-92.81301915006033,35.5441602339265],[-92.81292766163371,35.54419841805948],[-92.81277796978507,35.544161859612046],[-92.81260476993654,35.5440691648747],[-92.81253489303519,35.543975774875705],[-92.81257987862774,35.54388158600476],[-92.81267101613315,35.543805882549535],[-92.81277370236157,35.543739488577316],[-92.81294455729,35.543597520212295],[-92.81320661572867,35.543389235035555],[-92.81336595802514,35.543247368150794],[-92.81344510815076,35.543124790699345],[-92.81356955400017,35.54293620494946],[-92.81369475887259,35.54282272595337],[-92.81385182092255,35.54245558371441],[-92.81396380346918,35.542173196449944],[-92.81404200104376,35.541956786574374],[-92.81384488984288,35.54177037044043],[-92.81337317239745,35.54168905352073],[-92.8130510490184,35.54163490931203],[-92.81288933862345,35.54154213718672],[-92.81233686381138,35.541423839063185],[-92.81203761365968,35.541360128646886],[-92.8119223759785,35.54132335953953],[-92.8118714248144,35.54082618932716],[-92.81186659438924,35.54034748131067],[-92.81187703445339,35.54024416261621],[-92.81198942956269,35.53999934277772],[-92.81202226748486,35.53983953378162],[-92.81218103563862,35.53964133162468],[-92.81240891843369,35.53946143592906],[-92.81251084188752,35.53931995772239],[-92.81255680118475,35.53931964776162],[-92.8127865504792,35.539327485729004],[-92.81293575990466,35.53931709388134],[-92.8131068608341,35.53920328265797],[-92.81326518115269,35.53895815133936],[-92.81319391345293,35.538723955007015],[-92.8131580429122,35.538583405119375],[-92.81321374835755,35.5384140546269],[-92.81353206159805,35.5380927547261],[-92.81379242045783,35.53771550470243],[-92.81407691890108,35.53746013476783],[-92.81440737252181,35.53720445437598],[-92.81449885224309,35.53716629159136],[-92.8147259622647,35.53691130788936],[-92.81480481792701,35.53676059617584],[-92.81490701770585,35.53664724816856],[-92.81501939855382,35.53640242531687],[-92.81507465029435,35.53618614616286],[-92.81504937513941,35.53596102623454],[-92.81503751335461,35.53592356198856],[-92.8148067945715,35.53582187275223],[-92.81445046570235,35.535786734572525],[-92.81412805290992,35.53570441220773],[-92.81397818569823,35.53564910667663],[-92.81390701406035,35.53542429619486],[-92.8139282686165,35.535255201385304],[-92.81397353234196,35.5351891703071],[-92.81413383627962,35.535141156859105],[-92.81432849059817,35.53508352575066],[-92.81451201498945,35.53506349097912],[-92.81464970414713,35.535053197390674],[-92.81474073439269,35.53496808412691],[-92.81486494617084,35.53476074902624],[-92.81495464502592,35.53454423691333],[-92.81491791716664,35.534319193999444],[-92.81482280078887,35.53400065995922],[-92.8147513421761,35.533747693238965],[-92.81469364768071,35.533719924452214],[-92.81446322158166,35.53364639121488],[-92.81424484645161,35.53362909389121],[-92.81403864687998,35.5336774163463],[-92.8138099968285,35.53378223085292],[-92.81363966584388,35.53397110422656],[-92.81353879511649,35.53421584810963],[-92.81355492712083,35.53467570853911],[-92.81360256452923,35.53484436158119],[-92.81363881498926,35.53502250053191],[-92.81360607539635,35.53519164967958],[-92.81351545210981,35.53531430434482],[-92.81341296764843,35.53539947108899],[-92.81318414918564,35.53548548985055],[-92.81296614988057,35.535505754965904],[-92.81278174274155,35.53544127225542],[-92.81256263434304,35.53534888657882],[-92.81233144505386,35.53520024138798],[-92.81224936524282,35.53503186695778],[-92.81230535425682,35.53489065000924],[-92.81230364863467,35.534721687450514],[-92.81221084430132,35.534628450796795],[-92.81208375594245,35.53455421730298],[-92.81188827819976,35.534527352283085],[-92.81171649185556,35.53457546204192],[-92.81120286595137,35.53488868573696],[-92.81111195463082,35.534983158477615],[-92.81113577136603,35.5350674967437],[-92.81132131138185,35.53524458700337],[-92.81149546476132,35.53543116089917],[-92.81160126685906,35.53567451368754],[-92.81160391756157,35.535937331775926],[-92.81158300803807,35.536143990857155],[-92.81167896572961,35.53654699639238],[-92.81170713900762,35.53706309343606],[-92.81160635349036,35.537317221100636],[-92.81134431185619,35.537525503059676],[-92.8107830323665,35.53767004746993],[-92.81055373249048,35.537709156861425],[-92.81036932221136,35.53764469301769],[-92.81023011413194,35.537504836290886],[-92.8100676590739,35.53733695248365],[-92.80990517606426,35.537169045868325],[-92.80989256035592,35.53705652014164],[-92.81003994044309,35.53686778374135],[-92.81015328122666,35.53671682102534],[-92.81015072895731,35.53646338760558],[-92.8099643378352,35.536201803942056],[-92.80988264006085,35.53607094581882],[-92.80982447286034,35.535996224393166],[-92.8096524937491,35.53602556007641],[-92.80948129894378,35.536129958365436],[-92.80940325448117,35.5363651590789],[-92.80925483420286,35.53645065450804],[-92.80903626442533,35.53641455228688],[-92.80892068628233,35.536340238130755],[-92.80890788284218,35.53620889429151],[-92.80883782878999,35.53609673005018],[-92.80880224883059,35.53598431115453],[-92.80871904324495,35.535703260799316],[-92.80866050097167,35.53559102002957],[-92.80856864287689,35.535591635263415],[-92.80846508666251,35.53557355841487],[-92.80831657231195,35.53564964279996],[-92.80812323201566,35.535838685419996],[-92.8079642712737,35.53601808689189],[-92.80780415098263,35.536084885770904],[-92.80758567621486,35.53605819082369],[-92.8074349955245,35.53591838467395],[-92.80739979442441,35.5358435310388],[-92.80739894733121,35.535759037583226],[-92.80745551003905,35.535674183160836],[-92.80761513066673,35.53556048035057],[-92.80779755415567,35.535427828258314],[-92.80793468077394,35.535361207358534],[-92.80812918063539,35.53528481520439],[-92.80826696670792,35.53528389102365],[-92.80845058648086,35.5352732735804],[-92.8085422539094,35.53525386387465],[-92.80869060670656,35.53515900813325],[-92.8088626789226,35.5351390819122],[-92.80894258300088,35.5350916142501],[-92.80895296015903,35.534978887673965],[-92.8089856796952,35.534809717224775],[-92.80904082534407,35.53458405612551],[-92.80907376044037,35.53443363335706],[-92.80907262857909,35.53432100665559],[-92.80890002108761,35.53428459643504],[-92.80878554994389,35.53432293133473],[-92.80868239925772,35.534342396049276],[-92.80856682556254,35.53426805899903],[-92.80835964955995,35.5342225160903],[-92.8080042443166,35.53428121533153],[-92.80776356508457,35.53432978232231],[-92.8073964899339,35.53436978412379],[-92.80715693821233,35.53453095316336],[-92.80702035033781,35.53465390994477],[-92.806964540081,35.5348138720905],[-92.80682816681936,35.53495557636326],[-92.80666851859644,35.53506932588743],[-92.80654306151445,35.53515461676638],[-92.80642842799281,35.53517415580279],[-92.80624393357868,35.535100300095316],[-92.80619725277856,35.535025499791125],[-92.80618539414833,35.53498803377858],[-92.80621880536903,35.53488456215441],[-92.80630915724775,35.534733757221055],[-92.80639960421652,35.53459235941661],[-92.8065695101879,35.53435654604887],[-92.80667108957577,35.53417750613083],[-92.80686477610551,35.53402600797741],[-92.80700265447915,35.53403447169637],[-92.80715081900055,35.533920846708895],[-92.80728750096131,35.53380729696249],[-92.80728637055437,35.533694646795496],[-92.80734340325347,35.53365672109713],[-92.80755004950835,35.533655337857674],[-92.80774388613163,35.5335132230229],[-92.80780044688736,35.53342836930266],[-92.80771847188544,35.53326933044772],[-92.80757915385529,35.53312008409029],[-92.80741661863645,35.532942811974664],[-92.80718441212761,35.53269091663571],[-92.80717217660937,35.53261590935859],[-92.80719410366186,35.53251249028994],[-92.80722694901506,35.53235270586595],[-92.80727215078174,35.53227729086409],[-92.80730612415557,35.53223013225977],[-92.80749002059704,35.5322476738433],[-92.8077320126867,35.532330553023925],[-92.8079967812079,35.53239448165847],[-92.80846840903213,35.53247579695806],[-92.80868734540562,35.53254941719787],[-92.80888369683264,35.5326607583984],[-92.80897602276637,35.53270706981732],[-92.80921660166518,35.53264913915966],[-92.80924981975465,35.53252687207527],[-92.80922477891309,35.53232054455278],[-92.80930373513938,35.53217917591685],[-92.80956718234388,35.53211172668361],[-92.80966985622554,35.53204531174386],[-92.80973735809643,35.53190406630068],[-92.80979212163491,35.531640861584336],[-92.80984678892897,35.53136827216708],[-92.81000529323366,35.531141915919555],[-92.81019906211725,35.53099979876029],[-92.81058775925501,35.530828235378834],[-92.81066778053814,35.53079012958921],[-92.81081647238264,35.53073281333903],[-92.81096566613186,35.53072242386567],[-92.81110372805387,35.53074965310925],[-92.81118466624892,35.530805449449694],[-92.81119681029985,35.5308710716911],[-92.81120971055424,35.53101177662951],[-92.81116586648263,35.531218591058796],[-92.81112183343637,35.53140663343885],[-92.81108890121763,35.531557056854396],[-92.81108994211137,35.531660274593406],[-92.81121709230261,35.53174391901714],[-92.81138953424079,35.5317615304992],[-92.81160733598148,35.531722520513576],[-92.81174407315561,35.53161835296337],[-92.81186904543598,35.531486058450774],[-92.81205135865716,35.53134406111003],[-92.81217588449046,35.53116486194637],[-92.81224325755014,35.53101420601347],[-92.81232201696182,35.530854110209056],[-92.81235579884833,35.53078817993887],[-92.812274414336,35.53068545751288],[-92.81203144677661,35.530508732649274],[-92.81189291097674,35.53043457574728],[-92.81161676019002,35.530380117963105],[-92.81132922198097,35.530335120922835],[-92.81098257528365,35.53012154752982],[-92.81088946443576,35.530000130527796],[-92.81076269680537,35.529954052349744],[-92.81045276650488,35.529965521735434],[-92.81027111397448,35.53017326162852],[-92.81021531441289,35.53033322452733],[-92.8101124547065,35.53038084628913],[-92.80999764034415,35.530381617629494],[-92.80976732066406,35.53031746098385],[-92.80941117811246,35.53030105650703],[-92.80907712248901,35.53020005039565],[-92.80865058324672,35.53003393631943],[-92.80835109560263,35.529942060079776],[-92.80801838980936,35.52997247154354],[-92.80792691522612,35.53001062857252],[-92.8077310442194,35.52994621362235],[-92.8070440523527,35.530147970072036],[-92.80667740001424,35.530225512980564],[-92.80645988306944,35.530292694221096],[-92.8063007133265,35.53045332341356],[-92.80616456253034,35.53061382257933],[-92.80611954830918,35.53070798487363],[-92.80607512642703,35.53085848402985],[-92.80585741980836,35.53090686959725],[-92.80559444379284,35.531021236767],[-92.80540126807111,35.531229069711365],[-92.80517335508485,35.53139956605987],[-92.80492260962846,35.531588987021586],[-92.80468306348347,35.53175015033435],[-92.80442167791071,35.532024116391575],[-92.80414749648038,35.532166784346224],[-92.80391895862326,35.53228091882134],[-92.80355714073782,35.53284659339298],[-92.80329418271555,35.53296095552461],[-92.80315740253387,35.53306513862763],[-92.80301225350254,35.53313211160169],[-92.80294363664423,35.53316292114016],[-92.80283758815553,35.5331350956236],[-92.80279776262637,35.53288953472829],[-92.80321338653675,35.53187174093931],[-92.8033022509965,35.53169764579937],[-92.80372209642275,35.53123394526069],[-92.80379858074475,35.53114457060781],[-92.80383693797837,35.53107569272501],[-92.80389453683539,35.53101714761991],[-92.80444167203915,35.53066126042787],[-92.80463501685489,35.530458751795614],[-92.80463125760545,35.53041420443537],[-92.80466140478143,35.53030127573921],[-92.80488425745335,35.530056424574795],[-92.80509123151403,35.52965480033685],[-92.80525883983086,35.52957238131472],[-92.80554544011818,35.52927895819887],[-92.80557674690266,35.52917935410119],[-92.80565327587983,35.52904921138943],[-92.80573758050663,35.52894255145483],[-92.80577714408582,35.52889741026289],[-92.80582040009729,35.52883870406229],[-92.80582587857833,35.528578726271256],[-92.8058654779897,35.52846869867834],[-92.80587574405402,35.52842137244575],[-92.80585338549645,35.528362099855414],[-92.80582630054992,35.52822730170507],[-92.80593123675433,35.52781650395658],[-92.80594853733476,35.5277867029491],[-92.80595657274903,35.527782548386426],[-92.80601013843292,35.527755176181586],[-92.80616404039252,35.527742030296054],[-92.80618884118759,35.52773152068311],[-92.80625087593029,35.52773428206012],[-92.80633568235604,35.527752066525416],[-92.80640579766056,35.52775162095543],[-92.8066196785784,35.527635852294985],[-92.80671156330288,35.52752192647392],[-92.80672600873919,35.527458648308745],[-92.80669628061908,35.52740217995179],[-92.80668604342253,35.527267106012104],[-92.80669683462352,35.527203829204204],[-92.80671985310374,35.52713521610506],[-92.80666431238485,35.52705370322985],[-92.80660358518305,35.52701325010075],[-92.80653412602305,35.526970822717814],[-92.80648195455531,35.52691210020971],[-92.80644647525595,35.52684301459176],[-92.8064453231444,35.52676793298594],[-92.80638207013648,35.52671199231645],[-92.80629320736203,35.52669402374025],[-92.80622001321616,35.52662941735684],[-92.8061542026509,35.52659457770764],[-92.80605476151749,35.52648440582474],[-92.80605628238963,35.52642807861303],[-92.80604679708654,35.52635643787425],[-92.8060410265533,35.52627657722634],[-92.80602949142046,35.52621982417033],[-92.80603536002903,35.52615854028738],[-92.80599612098227,35.52610475152621],[-92.80595332023046,35.52604327935216],[-92.80595639518226,35.52599385417153],[-92.80601461516264,35.525940883083244],[-92.80608546011833,35.52590515314692],[-92.80614172902783,35.52586263275341],[-92.80618261534659,35.525801512433496],[-92.80621707828242,35.52574344743756],[-92.80627775117301,35.52569312203629],[-92.80627967679834,35.525622969345896],[-92.80631533668954,35.525553269364465],[-92.80635158104852,35.525482209698716],[-92.80634920530376,35.525416078734445],[-92.80639465300949,35.52528565292958],[-92.80646233538606,35.5252479349309],[-92.80653128591612,35.525208457977755],[-92.80657756882862,35.52515864943513],[-92.80661034154913,35.52508583849719],[-92.80664964739266,35.52501518037637],[-92.80667398838737,35.52495319030084],[-92.8067208019258,35.52488806057015],[-92.80679167722195,35.524849738876306],[-92.80685236898603,35.52474139110944],[-92.80683245335854,35.52466940009325],[-92.80677552132568,35.52462555834898],[-92.80671540081872,35.52457431331252],[-92.80665432257862,35.524549925487705],[-92.80658759190011,35.52455718960968],[-92.80652474731502,35.524595995637824],[-92.80645696789689,35.524635324794914],[-92.80641887869862,35.52469630995206],[-92.8063456791497,35.52474484986429],[-92.80627118712309,35.52479281600056],[-92.80619737308965,35.524825741616155],[-92.80610817538876,35.52479703534489],[-92.80603368549751,35.524765195031705],[-92.80593944754747,35.5247208555898],[-92.80586604430941,35.52466927858807],[-92.8057805065015,35.524646524440726],[-92.80570340160753,35.52461612598205],[-92.80565374263033,35.524579800878044],[-92.80568428813257,35.5245156209346],[-92.8057241691929,35.52446828287903],[-92.80566239117654,35.52430838409488],[-92.8055487374315,35.524235781951],[-92.80550233706738,35.5241911459856],[-92.80549868630237,35.52411755166293],[-92.80550181881735,35.52404526577247],[-92.8055289227405,35.52391400459659],[-92.80550776345872,35.523848793668606],[-92.80554343910461,35.523769309959405],[-92.8055819060179,35.52370043070467],[-92.80561757103358,35.52363124396225],[-92.80569432776493,35.52359290623394],[-92.8057776836321,35.523611658951076],[-92.80586737870847,35.523613229777226],[-92.80594487242057,35.523651261349855],[-92.80604955454719,35.52365777653389],[-92.80613796672326,35.523668159767766],[-92.80622799946201,35.523683457808204],[-92.80632442971057,35.523707306619514],[-92.80640185385509,35.52374687782962],[-92.80648032778147,35.523791626228],[-92.80671638365709,35.523843329261425],[-92.80686119285254,35.523784245223446],[-92.80689628910673,35.5237153881024],[-92.80694716776316,35.523659688072314],[-92.80700404956931,35.5236044845243],[-92.80705230061433,35.52354889475571],[-92.80716257785734,35.523452614646374],[-92.80721148528606,35.52341394830132],[-92.80727588220951,35.52340485513351],[-92.80736480247431,35.52328933705977],[-92.8074212257779,35.523256855426574],[-92.80748570506971,35.52309358936127],[-92.8074890450914,35.522897157145586],[-92.80746286867877,35.52285859715564],[-92.80749442650342,35.52284995728093],[-92.8075480659627,35.522827509374615],[-92.80759057651439,35.52280611847676],[-92.80759936912318,35.52273169377654],[-92.80754741136002,35.52248909736522],[-92.8075360994199,35.52243472516761],[-92.80752006307847,35.522379215643895],[-92.80749846042889,35.52232411650849],[-92.80745825447974,35.522270543948224],[-92.80742192372513,35.52221626795097],[-92.80739428231394,35.5221654826366],[-92.80735913674684,35.521970196265265],[-92.80730412391922,35.52186698950707],[-92.80724425028494,35.52187142921746],[-92.80716353952698,35.52187712947714],[-92.80708829944471,35.52186430200842],[-92.80699561254212,35.52182329119484],[-92.80692368501452,35.52178772262717],[-92.8067462454487,35.521756548344214],[-92.80665829034605,35.52178590175236],[-92.80657481775434,35.521798111719136],[-92.80648719670138,35.52176958136659],[-92.8063789663636,35.52175356453561],[-92.80626556590923,35.521694737278324],[-92.80616410975581,35.521573698911716],[-92.80603488541085,35.5214803735595],[-92.80583892373414,35.52145046565214],[-92.80582650092353,35.52143336451759],[-92.80548982843708,35.52126381404255],[-92.8053733958271,35.52107864248513],[-92.80549987885937,35.52092110474307],[-92.8055422892361,35.52088115182368],[-92.80563822195369,35.52076724673356],[-92.80591275298254,35.5205665742193],[-92.80621660800668,35.52024870468942],[-92.8062002012877,35.520104658991094],[-92.80622341090833,35.51988150082785],[-92.80628698044998,35.519752938035886],[-92.8063386711826,35.51969300620929],[-92.80641249907622,35.519647729486046],[-92.80644114113733,35.519556268166355],[-92.80645074469344,35.5195256404884],[-92.806467061268,35.51947810924474],[-92.80651630690986,35.519436430330686],[-92.80673484868217,35.519366089225805],[-92.80678907268172,35.519365305983214],[-92.8068458564694,35.51940319382154],[-92.80697492245724,35.51948381812718],[-92.80710771897238,35.51956892232166],[-92.80718974717266,35.51959244536142],[-92.80731834885283,35.51967795197393],[-92.80738027369391,35.51971582883642],[-92.80747536856119,35.51971234333262],[-92.80757296723232,35.519702280494705],[-92.80766360774476,35.51969315052658],[-92.80775359554374,35.51967884208919],[-92.80784205276898,35.51967414019114],[-92.80793388173697,35.51965823139161],[-92.80800320228683,35.5196078710434],[-92.80807509824966,35.5195722263203],[-92.80840215735948,35.519612341971985],[-92.8084086001813,35.519719188698616],[-92.8083755883872,35.51977633428713],[-92.8084157917839,35.519840928512544],[-92.80844815778525,35.51990426598079],[-92.80845937873116,35.51997801926178],[-92.80849601238263,35.520039764840256],[-92.80854283884166,35.52009833649468],[-92.80858485294854,35.52016408496094],[-92.80862498120055,35.52022982230501],[-92.80868991778073,35.52028033379488],[-92.80876709401913,35.520309608803494],[-92.808848975457,35.520289960564305],[-92.80892078712623,35.520240189723864],[-92.80900839175192,35.52005696856873],[-92.80908828025831,35.519964064839755],[-92.80909053537316,35.519802102312276],[-92.80897970825345,35.51960986858835],[-92.80883057088607,35.51953853513079],[-92.80880765811833,35.519512164784885],[-92.80878538694553,35.519450112955795],[-92.80870948011584,35.519402126810846],[-92.80858509644543,35.51924764557518],[-92.80859080571943,35.519201797748025],[-92.80858737954134,35.51915932478368],[-92.80871596664471,35.518950542605204],[-92.80877953889478,35.51891371569927],[-92.808853977553,35.518915107730706],[-92.80885468553456,35.51876394287472],[-92.808901646758,35.51862864937512],[-92.80897503998344,35.51855168857074],[-92.80897351956021,35.518497040739234],[-92.80898149166484,35.51840928887169],[-92.80896104508959,35.518270313476236],[-92.80901689480046,35.51826358802776],[-92.80906935033299,35.518166316458036],[-92.8090728192089,35.51795750887856],[-92.80905868582208,35.51789238987533],[-92.80904445829145,35.51783210635216],[-92.80898493016859,35.517816768549544],[-92.8088920020391,35.517782765631],[-92.80891872481757,35.51771090555936],[-92.80903364492451,35.517563341551124],[-92.80912524158188,35.51738821809021],[-92.80913807113295,35.517369102344254],[-92.80918944655431,35.51719013990965],[-92.80924765313023,35.51709401975064],[-92.80940383879776,35.51688413979119],[-92.80942552295562,35.51682816799763],[-92.80941404281575,35.51678549296563],[-92.80945527822465,35.516700110869984],[-92.80949644971258,35.516656684959905],[-92.80969837587385,35.516570900027176],[-92.8097747776038,35.516571846456664],[-92.80993706319877,35.516531216233496],[-92.81005217039879,35.51646798429931],[-92.81012098291782,35.516424163485226],[-92.81014411249457,35.516364352736886],[-92.81015415073276,35.51629776339756],[-92.8101257497043,35.516233885279235],[-92.81013684292344,35.516158581198646],[-92.81015409619668,35.51609374252566],[-92.81015673239011,35.51602377200915],[-92.8102414532086,35.51592920155935],[-92.81024856613286,35.51587264945627],[-92.8102659248212,35.51580419074202],[-92.81032512983256,35.51572522399476],[-92.81045504409192,35.51555280789772],[-92.81050717370417,35.51551717752071],[-92.81057331923323,35.51548948485429],[-92.81075697628516,35.51528574598064],[-92.81077639184521,35.51514932915559],[-92.81088192465664,35.51494658286871],[-92.81089852304264,35.51493584840897],[-92.81092034867002,35.51488283942196],[-92.81104236102017,35.514771041898626],[-92.81112475108709,35.51474300648958],[-92.81127172537083,35.51467120062673],[-92.81143156115768,35.51458069971125],[-92.8116571201172,35.51446890558159],[-92.81174996486001,35.51445529739209],[-92.81208832725693,35.51452778148307],[-92.81228863988716,35.51465366024221],[-92.8124011010515,35.514634153621245],[-92.81255013422448,35.51441852737083],[-92.81301200956413,35.51393158083743],[-92.81298112503465,35.51386802321266],[-92.81297064070057,35.51382520306818],[-92.81297392480923,35.5134547992297],[-92.81294923098581,35.51334254138299],[-92.81306276846695,35.513296969540924],[-92.81319229340033,35.51281280053194],[-92.8130923335459,35.512387616470505],[-92.81322298879674,35.51214558888852],[-92.8132862144437,35.51210617033409],[-92.8134285212189,35.51196876015613],[-92.81352709573679,35.51181319929739],[-92.81354177593488,35.511805091662595],[-92.81351910035224,35.51170026855501],[-92.81366571897256,35.51150653494658],[-92.8136735306614,35.51147423759982],[-92.81374286132184,35.51128740035929],[-92.81379345387721,35.51119062776241],[-92.81385880720578,35.51091836042366]],[[-92.83881771082892,35.53003207487096],[-92.83903066940364,35.52991387340854],[-92.83914942211122,35.52989359832794],[-92.83931543500022,35.529834070844004],[-92.83945780267462,35.52979418055963],[-92.83969536377022,35.52975360426617],[-92.83974260438141,35.52975015596431],[-92.83990753610412,35.529738116873844]]]}},{"type":"Feature","properties":{"name":"BROCK CREEK #24","id":"2334","atv":null,"motorcycle":"open","fourwd_gt50":null,"other_wheeled_ohv":null,"seasonal":"yearlong","trail_class":"TC3 - DEVELOPED"},"geometry":{"type":"LineString","coordinates":[[-92.82103603420062,35.5223931040779],[-92.82136172917787,35.52275381911064],[-92.82153140745568,35.523059069228076],[-92.82176235596239,35.52324475151762],[-92.82215898844748,35.523344175645164],[-92.82272458014269,35.52368076562811],[-92.82312298549301,35.52395040996052],[-92.8233539126994,35.524136066611355],[-92.82347990021512,35.5242373330714],[-92.82352240965967,35.52432217339121],[-92.82350246150455,35.52440739208674],[-92.82337873630847,35.524527408285145],[-92.82313029898066,35.5246652982817],[-92.82290195330985,35.52473494232056],[-92.8225894887438,35.524720052901905],[-92.82221488604921,35.52473962919982],[-92.82179934029806,35.52482756756811],[-92.82169611213469,35.52491340045092],[-92.82163556692213,35.52510104650313],[-92.82147037232136,35.525238341107475],[-92.82120058766807,35.5253252848267],[-92.82090873838122,35.52529323047561],[-92.82072119010085,35.52527748561175],[-92.82037546175918,35.52519083253813]]}},{"type":"Feature","properties":{"name":"BROCK CREEK #48","id":"2330","atv":"open","motorcycle":"open","fourwd_gt50":null,"other_wheeled_ohv":"open","seasonal":"yearlong","trail_class":"TC3 - DEVELOPED"},"geometry":{"type":"LineString","coordinates":[[-92.79864114099087,35.50378549064881],[-92.79865546477137,35.502883713745646],[-92.79869611058047,35.50191827600871],[-92.79822939455504,35.50170574157527],[-92.79798569263994,35.501183712740925],[-92.79757085922144,35.501135136195224],[-92.79738355751398,35.50123904015303],[-92.79713123521032,35.501117497843715],[-92.79688115118677,35.50122183914634],[-92.79674721882152,35.501643678795496],[-92.7964625215685,35.50205626447645],[-92.79620251027053,35.50242761642423],[-92.79585421123154,35.502758480536215],[-92.7954679461171,35.50305879659594],[-92.79541053896762,35.50360336492187],[-92.79506260808789,35.50397527118572],[-92.79476191304579,35.5040388712838],[-92.79449692240567,35.503907132058366],[-92.79447050903835,35.503773821553295],[-92.79433078502397,35.503610484469675],[-92.7943416250362,35.503435858115914],[-92.79434111747759,35.50338451631631],[-92.7943648243369,35.50324062537909],[-92.79447699094673,35.50315774499303],[-92.79465062406432,35.50294097505643],[-92.79475025475092,35.50285817766737],[-92.79488747394448,35.50276485852796],[-92.79506069890698,35.50250701994586],[-92.79504739802951,35.50243524085508],[-92.79514685375219,35.5023319199799],[-92.79528383813967,35.50221805458577],[-92.79545851005811,35.50210396529934],[-92.79555732927955,35.5019390302553],[-92.79560562172577,35.50174363326129],[-92.7957408785152,35.50145524755005],[-92.79573925452974,35.501290976292054],[-92.79566231504602,35.50112720145267],[-92.79572385063024,35.50100358422916],[-92.79587339545498,35.50088965915236],[-92.7961731921114,35.50073367074168],[-92.79629207215304,35.500648853265446],[-92.79639220397426,35.500602498032364],[-92.79646935474979,35.50049320721608],[-92.79656885147871,35.50038288014078],[-92.79682329508373,35.50011616635687],[-92.79692152517403,35.499877874854846],[-92.79710908199287,35.499629839503896],[-92.79711861663314,35.49946526147167],[-92.79716070322192,35.499199928981795],[-92.7973259031688,35.49895204141866],[-92.79754679374908,35.49868552574207],[-92.79771250663714,35.49849250408601],[-92.79802061016899,35.49800604913563],[-92.79825271596201,35.49773945892035],[-92.79849649658648,35.49752761269218],[-92.79876314592275,35.497370484875084],[-92.79911960246503,35.49724930134265],[-92.79931912653839,35.49708346310556],[-92.79969953994497,35.497126633220084],[-92.80002453534924,35.49721586399582],[-92.8001428204741,35.49722149884312],[-92.80054128073343,35.49730220920379],[-92.8003752854398,35.497015002186544],[-92.80036906865313,35.49693808590295],[-92.80034248026638,35.496888529496765],[-92.80029610327578,35.49678402512345],[-92.80024476983007,35.49671803179852],[-92.80024255379423,35.496377249769345],[-92.80034606349491,35.49619474666937],[-92.80050956167436,35.49616494194472],[-92.80072013636223,35.49616354337819],[-92.80094149328836,35.49606638971136],[-92.80095129537827,35.495874959116726],[-92.80104421172432,35.49580735467677],[-92.8012660150829,35.49575803916745],[-92.80147499869037,35.495594002703314],[-92.80152083655723,35.49549801524372],[-92.801554779431,35.495382960453284],[-92.80155401728675,35.49530640573159],[-92.80166932411127,35.49513341903612],[-92.80191441073165,35.495074373719255],[-92.80199536233691,35.49497815247061],[-92.80201581830329,35.494681394572886],[-92.80197727339589,35.494337187806494],[-92.80197527248079,35.494136262962996],[-92.80203160494493,35.49391582614234],[-92.80186525324042,35.493658579281295],[-92.80160679002165,35.49355504244979],[-92.80146594478387,35.49350813770602],[-92.80121978667763,35.493461933069646],[-92.80098628496755,35.49351132660928],[-92.80092684011842,35.49341603846557],[-92.8005994458417,35.49343735884317],[-92.80044727624262,35.49342879750212],[-92.80000025213951,35.49317065616949]]}},{"type":"Feature","properties":{"name":"BROCK CREEK #21","id":"2345","atv":null,"motorcycle":"open","fourwd_gt50":null,"other_wheeled_ohv":null,"seasonal":"yearlong","trail_class":"TC3 - DEVELOPED"},"geometry":{"type":"LineString","coordinates":[[-92.82775074588,35.489683144271865],[-92.82757804886526,35.48927052610649],[-92.82767150839278,35.488614344836456],[-92.8276047400659,35.48861480309237],[-92.82737094838637,35.48861640745214],[-92.8270695474602,35.48853652253672],[-92.82690230166847,35.488510375059434],[-92.82650101364457,35.4884584919311],[-92.82630064950253,35.48845986546214],[-92.82623301147909,35.48837837432568],[-92.82622992972134,35.48807794423459],[-92.82612892245889,35.48799670523423],[-92.82576072756424,35.4879172744128],[-92.82572651737755,35.487835555337554],[-92.82542540033477,35.487783005360306],[-92.82495843865054,35.4878408148409],[-92.8243899129199,35.48776277339979],[-92.82415615233268,35.487764372481635],[-92.82398857293404,35.487710881841856],[-92.82395467327504,35.487656477912296],[-92.82381912341253,35.48746622515042],[-92.82354917268296,35.48719491309687],[-92.82344788942044,35.48708635624486],[-92.82331181310514,35.48684144648437],[-92.82311058735719,35.48676088950727],[-92.82287713798439,35.48678977922892],[-92.82261051173002,35.48684623518764],[-92.82237789801556,35.4869570951092],[-92.82231138075178,35.48698484256186],[-92.82204338871998,35.48690474000494],[-92.82184302949335,35.48690610614747],[-92.82170918658714,35.486879724871805],[-92.8214075186887,35.48677250841286],[-92.82124030713261,35.486746329695684],[-92.82110476525172,35.48655605043584],[-92.82076830941055,35.486312504156714],[-92.82043299720429,35.48617821943589],[-92.82013049973432,35.4859890754837],[-92.82006150753097,35.485771024480734],[-92.81982633546143,35.48563605690599],[-92.81962597826,35.485637419375315],[-92.81946040955695,35.4857751120211],[-92.81942895697782,35.4859665292463],[-92.81949741825801,35.48612994850625],[-92.81959900216474,35.486265825232316],[-92.81959983657497,35.48634777297878],[-92.81936830197432,35.48656786877134],[-92.81913537988821,35.486651381536646],[-92.81903546290245,35.4866793791794],[-92.81883538134896,35.486708056844094],[-92.81853371788706,35.48660085665451],[-92.81836536883,35.48646540965067],[-92.81813022515186,35.48633043973166],[-92.8180283954365,35.48616724530286],[-92.8179936102874,35.4860309152998],[-92.81842383824569,35.48564558811181],[-92.81878640555307,35.485178790134796],[-92.81892002257173,35.48517788165315],[-92.81925143943072,35.484929790667174],[-92.81961485965557,35.484544914491636],[-92.81981326849532,35.48435236160879],[-92.81994398149475,35.48416165501438],[-92.82001114772005,35.48410519972568],[-92.8203122188071,35.484157764053684],[-92.82051257232959,35.48415640043381],[-92.82061331890165,35.48421035021552],[-92.82081562057134,35.48440017561355],[-92.82094917896146,35.484399265697704],[-92.82128312122619,35.48439699078081],[-92.82151575660272,35.48428613294606],[-92.82171583226777,35.48425747425034],[-92.82191702061976,35.48433803352051],[-92.82221893199448,35.48447254176265],[-92.82262273631174,35.484770260769736],[-92.82282755504674,35.48520588186543],[-92.82292939328138,35.48536907049203],[-92.8229307881173,35.48550565216892],[-92.82294014312498,35.48551877979026],[-92.82306633255837,35.48569592941836],[-92.82326696746297,35.485721853404],[-92.82343672008328,35.48599385002339],[-92.8237745503416,35.486373947963116],[-92.82411157455356,35.48667209545926],[-92.82441408499866,35.48686125288986],[-92.8248173212994,35.48710430979819],[-92.82532072639663,35.48734667905337],[-92.82588984005008,35.48747934825557],[-92.8264255563512,35.48761226609396],[-92.8267260839692,35.48761020578093],[-92.82699492495753,35.48777224564654],[-92.82746497120293,35.48801483582854],[-92.8276658956002,35.4880680924547],[-92.82810029935602,35.488092425980184],[-92.82846790680031,35.4881172184399],[-92.82860175394754,35.488143615669244],[-92.82863768092673,35.48838918425381],[-92.82867389075263,35.48866209275752],[-92.82867585745183,35.48885328205986],[-92.82857821884835,35.48909976907967],[-92.82834585852764,35.48923793257309],[-92.82814633667455,35.48932125773677],[-92.82793956483162,35.48972561721464]]}}]}