{"type":"FeatureCollection","metadata":{"source":"Arkansas GIS Office (GeoStor) — OZARKNFS_TRAILS_NFS, layer 14","sourceUrl":"https://gis.arkansas.gov/arcgis/rest/services/FEATURESERVICES/Transportation/FeatureServer/14","upstream":"USFS National Forest System Trails (Ozark–St. Francis NF)","license":"Public domain (USFS/CC0); state mirror","system":"Moccasin Gap OHV Trails","extraction":"GeoStor bbox around park; NFS trail segments (MG/MOCC prefixes)","crs":"EPSG:4326"},"features":[{"type":"Feature","properties":{"name":"MG HIGH MTN LOOP","id":"2307B","atv":"open","motorcycle":"open","fourwd_gt50":null,"other_wheeled_ohv":"open","seasonal":"yearlong","trail_class":"TC3 - DEVELOPED"},"geometry":{"type":"LineString","coordinates":[[-93.11051347232028,35.56753002623703],[-93.11050716422974,35.5675282476361],[-93.11047679002631,35.56745650070998],[-93.11031833437842,35.56739358107059],[-93.11017652442757,35.567394888317025],[-93.11009596512118,35.567266873126904],[-93.10993680085436,35.567152457175396],[-93.10993342539697,35.5669078500564],[-93.10992951827622,35.566624619038585],[-93.110177357977,35.56631331767523],[-93.11036199230166,35.56598972363567],[-93.11054857975654,35.56580774301656],[-93.1108914858919,35.565534191974805],[-93.11148631158855,35.565245440613296],[-93.11208113301097,35.56495668540935],[-93.11284855429354,35.56461483120751],[-93.11338016355464,35.5643137777915],[-93.11379666321676,35.56366614172621],[-93.11408960815594,35.563199906123806],[-93.11433724294548,35.562875722352715],[-93.11466597357155,35.562718172429285],[-93.1149014169731,35.56265161587919],[-93.11496630526048,35.56257009808365],[-93.11499434501687,35.56253487415411],[-93.11496122798799,35.56241929853117],[-93.11473957862248,35.56234409484944],[-93.11456323467077,35.56212683810568],[-93.11439997228862,35.5617163240447],[-93.11436221977688,35.561266021319405],[-93.11435934753561,35.56105866479915],[-93.1143577614318,35.56094416811139],[-93.11449510106584,35.56062100364903],[-93.11474040778894,35.56012945588842],[-93.11500128777561,35.55962488629066],[-93.11515259415305,35.55917283429709],[-93.11530550364539,35.55883664930498],[-93.11544604922074,35.55874521810617],[-93.1158701822654,35.558651161214705],[-93.11637433889553,35.55864649106015],[-93.11659473020855,35.55863157296314],[-93.11678503972053,35.558719939035186],[-93.11678843448223,35.5589645471595],[-93.11679379578248,35.55935077082426],[-93.1167970130302,35.559582504289324],[-93.11686182060524,35.55971066207321],[-93.11697156926743,35.5596710169522],[-93.11723851220951,35.55960416286817],[-93.1174270369659,35.55956378790575],[-93.11764760939965,35.55956174161147],[-93.11789897455576,35.55950790771158],[-93.11816484281897,35.55936380649901],[-93.11833635842187,35.559233457489924],[-93.11869872533012,35.559230093357684],[-93.11906162710847,35.55926535112358],[-93.11940770008216,35.559223509076375],[-93.1196445634636,35.559259935769255],[-93.1198816051232,35.55930923662455],[-93.12007102494243,35.55933322615665],[-93.12019706482457,35.55933205464813],[-93.12023138081119,35.55932861576507],[-93.12033868113504,35.559317861916476],[-93.1203513256554,35.55927820690527],[-93.12038397421401,35.55917580793155],[-93.12055369306859,35.558916714010124],[-93.12088006299565,35.55859178415452],[-93.12108110952053,35.55831952266956],[-93.12123614629864,35.55813781938007],[-93.12139297643458,35.558084855848634],[-93.1215952760264,35.557902712275855],[-93.12178235885277,35.55775933709213],[-93.12196980000722,35.5576417099686],[-93.12206199397657,35.557473466024305],[-93.12224835570844,35.557278594306716],[-93.12267193529095,35.55714588961333],[-93.12304842860324,35.55702649942561],[-93.1232996035975,35.55695977873751],[-93.12351980812753,35.55693197426654],[-93.12364386569352,35.5567891836881],[-93.12376774524522,35.55663351925294],[-93.12406600175322,35.55655348249716],[-93.12438091217004,35.55653766843251],[-93.12455259158064,35.55642018337377],[-93.1245198220801,35.556330359532815],[-93.12433041022771,35.55630637516069],[-93.12415657040366,35.55626936980696],[-93.12404557115097,35.55621890179513],[-93.12377720575878,35.556182778448616],[-93.12340017830903,35.55626354883967],[-93.12308508909116,35.55626648571382],[-93.12286452695588,35.55626854193716],[-93.12258220497735,35.55636130359675],[-93.12231527725132,35.556428169517574],[-93.12196885773169,35.556444270644796],[-93.12174829507346,35.55644632392557],[-93.12146507411092,35.5564747125254],[-93.12112009018553,35.55659380555223],[-93.12043083626091,35.556883484464805],[-93.11997771704867,35.55715808787008],[-93.11938065352766,35.557279518332614],[-93.11919267226193,35.55735851844763],[-93.1188467861864,35.55741323450845],[-93.1185025101182,35.55758381586965],[-93.1182361116281,35.557689294857575],[-93.11804830715118,35.55778116872232],[-93.11781234410105,35.557809108438505],[-93.1173090854751,35.55787815596926],[-93.11711913592772,35.55781553727415],[-93.11694547482368,35.55779139707001],[-93.11674191433382,35.55788341401997],[-93.1165224204376,35.55796270285803],[-93.11630221063616,35.55799049455486],[-93.116112973643,35.5579793719219],[-93.11592213102494,35.557852381762835],[-93.11583416275386,35.55776652634518],[-93.11589252319357,35.55749975910277],[-93.1159244317929,35.557361258625264],[-93.11593923663021,35.55720909459031],[-93.11595456840415,35.557094937739585],[-93.1159589864771,35.556974694352526],[-93.11599135890395,35.55684282150628],[-93.11603790206348,35.556684105199345],[-93.11608993756494,35.55657731382383],[-93.11614067455616,35.556473803916234],[-93.11617007879946,35.55636287944714],[-93.11629687009993,35.55591493843241],[-93.11633348162707,35.555806584809886],[-93.11643188317615,35.55509823529321],[-93.11638444978281,35.55469636575937],[-93.11638076880067,35.554591677465744],[-93.11639550336054,35.55447579801274],[-93.11642829598594,35.5543434539234],[-93.1164407799828,35.554242353053006],[-93.11648993203808,35.554121508255115],[-93.11655816316818,35.55403112113491],[-93.11665574870031,35.554025851229916],[-93.1167305885442,35.55410891194402],[-93.11710913117652,35.55484543899069],[-93.11718008819606,35.555017076935144],[-93.11725094244261,35.555461177886635],[-93.11727710693799,35.55556350897001],[-93.11733073453821,35.55565591850034],[-93.1174307908588,35.555715373082094],[-93.11756581765155,35.5556922671872],[-93.11771923675774,35.555109258734525],[-93.11776174797319,35.554997908097036],[-93.11771916109558,35.554904297777554],[-93.11771445695857,35.55479604806673],[-93.11770384136304,35.554679749587855],[-93.1177078316586,35.554444607859836],[-93.11774626778268,35.55429701081778],[-93.11782297155204,35.55418104721394],[-93.11793132489184,35.55421044273276],[-93.11817261048304,35.55462347376491],[-93.1182890638343,35.554949938434774],[-93.11829719570754,35.55504984439427],[-93.11836481985495,35.55515837586077],[-93.11846414315973,35.555275975708255],[-93.11861877695969,35.5552843001981],[-93.11877459365627,35.55521336734192],[-93.11881835454038,35.5551303281549],[-93.11884170768232,35.55498919702721],[-93.11904886859439,35.554597853999574],[-93.11930829522836,35.554373602478],[-93.11940221877985,35.554279684476185],[-93.11952005889334,35.55415105489798],[-93.11963760030706,35.554074871509386],[-93.11972435346972,35.55400170668387],[-93.11984318956856,35.553917945150744],[-93.12024664167336,35.55371012449279],[-93.12071965255691,35.55331689012307],[-93.12091214499938,35.553097928132075],[-93.12107600826718,35.55287696674121],[-93.12124462321836,35.5526504731599],[-93.12131145169876,35.552494672834044],[-93.12136281332174,35.552432551697194],[-93.12143142717927,35.55216299863007],[-93.12152451713995,35.55189730340066],[-93.12152476014097,35.55188943886633]]}},{"type":"Feature","properties":{"name":"GAP HOLLOW LOOP A","id":"2311","atv":"open","motorcycle":"open","fourwd_gt50":null,"other_wheeled_ohv":"open","seasonal":"yearlong","trail_class":"TC3 - DEVELOPED"},"geometry":{"type":"LineString","coordinates":[[-93.07145494934171,35.5863662299037],[-93.07145373867476,35.58634906578622],[-93.0714663085725,35.58627430559787],[-93.07148390941255,35.586138516505166],[-93.07154635841269,35.58606953608752],[-93.07160820964603,35.58601362550393],[-93.0717565693217,35.58593123586449],[-93.07185128856922,35.58587222552462],[-93.07193996851758,35.585826455935006],[-93.07200903917762,35.58574708604134],[-93.0720755892897,35.58560685579215],[-93.07212721891338,35.58555857636026],[-93.07218681845193,35.58549252679222],[-93.07227540905593,35.58546838684818],[-93.0723567195515,35.585442395600005],[-93.07240088901362,35.585392355985746],[-93.07239208965935,35.585358075776284],[-93.07241119824717,35.585378696006124],[-93.07249477544143,35.58539028164749],[-93.07248026894752,35.58536645597925],[-93.07248403831261,35.585328405604585],[-93.07258855817189,35.58532345662852],[-93.07261923924291,35.58526252582966],[-93.07277597953205,35.58524332609253],[-93.07289701887522,35.58520586665875],[-93.07299415879538,35.58519136603644],[-93.07311711912442,35.585172756154456],[-93.07314125920095,35.58518155610435],[-93.07314737930139,35.58516898600126],[-93.07316087907553,35.585184066131106],[-93.07319699880199,35.58514098558704],[-93.07318912932165,35.585108795811706],[-93.07312935933528,35.585051715743816],[-93.07321820962429,35.58497175608581],[-93.07335608925192,35.58487310584512],[-93.07338701863846,35.58483957604388],[-93.07347511882645,35.58473287621641],[-93.07348718941128,35.584620135614884],[-93.0734632085825,35.58448946590274],[-93.07344409869236,35.584465065190514],[-93.07335868913142,35.584395585937294],[-93.07324620905557,35.584303635754594],[-93.0729946696849,35.58427169567335],[-93.07284806975181,35.58428385574392],[-93.07268981961896,35.58428033653866],[-93.07256441914042,35.58422568603517],[-93.07245478849222,35.58416130515996],[-93.07238395891919,35.584057705866364],[-93.07234808840818,35.5839335755624],[-93.07237456856562,35.58382276587077],[-93.07236308856011,35.58374087526683],[-93.07224380860242,35.58370977563498],[-93.07214616942866,35.58366912610877],[-93.07207608871852,35.583604585955406],[-93.07199981793636,35.58352000562435],[-93.07193342921806,35.583501985072935],[-93.07179470856705,35.58350726582991],[-93.0716870876488,35.58344951563936],[-93.07165070882503,35.58338145585719],[-93.07159806907997,35.5832881656393],[-93.07155188815796,35.58322161561119],[-93.07146186786,35.583126065420785],[-93.07142875836583,35.58304022565809],[-93.0714347829295,35.58302436013761],[-93.07145892850419,35.58296076548061],[-93.07150988903767,35.58282682566355],[-93.07158272774504,35.582643015703674],[-93.0715885178992,35.582584584886156],[-93.07157510917371,35.58244276489255],[-93.07157451785172,35.58241083576212],[-93.07159278811056,35.582283005998555],[-93.0716860782359,35.58216700556087],[-93.07178171816885,35.58207597504468],[-93.0718817187479,35.58192686521057],[-93.07193082877693,35.58180113588561],[-93.07198338890385,35.58167783534573],[-93.07202805848043,35.58158806491501],[-93.07207315959498,35.5814823655315],[-93.07208027886587,35.58141481542476],[-93.07212789263099,35.581378853196725],[-93.07213970786934,35.58133551518301],[-93.07212699804401,35.58131175239813],[-93.07206770831414,35.58126930537599],[-93.07199847852866,35.581213395305326],[-93.07194817937915,35.58113577551368],[-93.0719241290919,35.58104072543141],[-93.07182236896833,35.58097937512791],[-93.07172941823579,35.58091969477532],[-93.07158608859721,35.58086437493972],[-93.07151441848373,35.58081391565318],[-93.07140628862632,35.58067837589815],[-93.07132507866179,35.580670758086825],[-93.07125843786152,35.58064568453881],[-93.07127176745841,35.58055465524685],[-93.07135817869347,35.580463464594416],[-93.07146060948402,35.58039255528154],[-93.07158222797133,35.580322564998504],[-93.07166939803056,35.58021410512588],[-93.0716799575013,35.58009541457881],[-93.07170443873757,35.57999106562665],[-93.07167367924903,35.57984110491878],[-93.07157166759043,35.57973205595606],[-93.07150762861659,35.57961597580105],[-93.07149279786422,35.57947540446555],[-93.07160829776826,35.57941237496482],[-93.07177760849868,35.57940851525731],[-93.07182446862289,35.5794258649915],[-93.07202420880496,35.5794641753597],[-93.07221455885171,35.57949636516094],[-93.0723831193453,35.579512285615564],[-93.07255846886368,35.579520915453486],[-93.0726977785562,35.5795510145045],[-93.07280757868364,35.5795484145781],[-93.0729412685599,35.579534835040974],[-93.07306607909256,35.57948848458487],[-93.07316640777837,35.57942352512488],[-93.07331602907479,35.579334505534845],[-93.07345977953501,35.57925647423005],[-93.07360746988299,35.5792326651324],[-93.07378700884875,35.579203075672574],[-93.07392697916285,35.579189494804],[-93.07409185824557,35.579158404504916],[-93.07425890880906,35.579118425003756],[-93.07435269892022,35.57910609472812],[-93.07445991011637,35.57905689452431],[-93.07449896847864,35.578970484380115],[-93.07455687878408,35.57884567449023],[-93.07454975928928,35.57874970465155],[-93.07452972878565,35.578646604370505],[-93.07451320912205,35.57855892476866],[-93.07447171975925,35.57848223466761],[-93.07442092937465,35.578398084568065],[-93.07434532846092,35.57830118498199],[-93.07430190939458,35.578277464793416],[-93.07417751904315,35.57823446470386],[-93.07417008709193,35.57823599037345],[-93.07416069602645,35.57822667210883],[-93.07414488665194,35.57821098577621],[-93.07412772953242,35.57817118453267],[-93.07402638890164,35.57799625487644],[-93.0738314294737,35.57788359418722],[-93.07373947870448,35.57783490414528],[-93.07372640884012,35.57778670410435],[-93.07351769856515,35.5776669246092],[-93.07315265843332,35.577524604500844],[-93.07311913842194,35.57742368514389],[-93.07299591867462,35.57737079463597],[-93.07290958858206,35.57724012452376],[-93.0728601387306,35.577228385081845],[-93.07262082901931,35.577177674178536],[-93.07250465814194,35.57711631415491],[-93.07244933928227,35.57703861458486],[-93.07231689892932,35.57694348444314],[-93.07224900861179,35.57685245499551],[-93.07210676791355,35.57672128401115],[-93.07202101755402,35.576722954650926],[-93.07192362920917,35.576747094277074],[-93.07178909877176,35.57667576496106],[-93.07170476835502,35.57656663428951],[-93.07160913851878,35.57647451463783],[-93.07146253838435,35.576409803981115],[-93.07127771834269,35.576316184249],[-93.07111275762378,35.57629950452334],[-93.0708116784636,35.57631006434996],[-93.07071528759283,35.576258434287645],[-93.07058737783159,35.576237564638916],[-93.07041110749581,35.57619866470362],[-93.07021446796263,35.57618106452294],[-93.07006661868603,35.57612482487122],[-93.0699240377645,35.57608425460235],[-93.06983866674312,35.576028880973006],[-93.06974616743585,35.576005493219384],[-93.06963117846512,35.575980324087624],[-93.06949894286338,35.5759834795594],[-93.0693693169183,35.575941264654176],[-93.06933730120238,35.57587250188835],[-93.06935820967364,35.575799131858076],[-93.06942355072643,35.57576089369659],[-93.06953519376385,35.57573838437444],[-93.06965950812192,35.57570220480175],[-93.06973643336107,35.57565173960294],[-93.06978962255944,35.57558769109372],[-93.06982543056309,35.57550240505486]]}},{"type":"Feature","properties":{"name":"MG BLACK OAK RIDGE SPUR SOUTH","id":"2328","atv":"open","motorcycle":"open","fourwd_gt50":null,"other_wheeled_ohv":"open","seasonal":"yearlong","trail_class":"TC3 - DEVELOPED"},"geometry":{"type":"LineString","coordinates":[[-93.09460741378408,35.55026695772734],[-93.09451700560057,35.55019467297373],[-93.09446965247447,35.55014548565971],[-93.09445185288274,35.550082486969536],[-93.09444209344655,35.550051777701384],[-93.09439162650331,35.549962691554455],[-93.09437031025895,35.54992466261855],[-93.09435082308913,35.54988456203193],[-93.09432572551715,35.54984999932928],[-93.09428983811767,35.54973005227298],[-93.09428941931859,35.549608873756235],[-93.09422250127413,35.549495022725814],[-93.09421025871775,35.5494890416497],[-93.09421442862536,35.5494715921361],[-93.09403345014981,35.54911881210942],[-93.09367902097388,35.548966969487594],[-93.09335214734413,35.548848104417125],[-93.0931589263151,35.54885570968729],[-93.0929864262615,35.548862497995515],[-93.09279716657412,35.548897441629144],[-93.09251199801973,35.54885572534566],[-93.0921858783848,35.54879222759505],[-93.09192961577426,35.54888315657453],[-93.0915936998541,35.54909663992175],[-93.09129948807477,35.54938727392081],[-93.09107167537155,35.549577624718744],[-93.09087126470551,35.54978987834259],[-93.09071210644144,35.55004606112318],[-93.09057779742369,35.55013588284537],[-93.09049889256525,35.55031380840372],[-93.09050159460314,35.550513147563066],[-93.09030102977859,35.55071432611536],[-93.09004475891875,35.550805250170704],[-93.08992489815466,35.55096139471521],[-93.08983289102285,35.55117266582028],[-93.08979388809813,35.551294851991194],[-93.08964482426312,35.55129619998119],[-93.08951156243977,35.551463541882555],[-93.08929699126958,35.55163161741427],[-93.08900036166922,35.55174505565798],[-93.08881079431296,35.551757844836395],[-93.0884620564644,35.55202681436181],[-93.08830183791002,35.55220547340217],[-93.08807251317235,35.55228507389074],[-93.08796634855402,35.55245216885024],[-93.08793664570861,35.55255935839173],[-93.08791297994529,35.55257125593969],[-93.08792749108504,35.55258542759229],[-93.08778141909363,35.55280826152839],[-93.08762134744394,35.55299799374197],[-93.08740676823957,35.55316606587874],[-93.08727319883188,35.5533112561715],[-93.08724834078036,35.553477616252835],[-93.08704775934596,35.553678789317814],[-93.08684553282671,35.553758143378],[-93.08654814502961,35.55381620508355],[-93.08626371117145,35.553829845461934],[-93.08608739023735,35.55382035886344],[-93.08585581721246,35.55373384005746],[-93.08569215289245,35.55365778503315],[-93.08546177482758,35.55365986095878],[-93.08524599551197,35.55373933465019],[-93.08500341020476,35.55384120157984],[-93.08492970040345,35.553878782466],[-93.08493846025493,35.553928231515826],[-93.08493979887139,35.5539357846911],[-93.08498670210555,35.55459810837881],[-93.08497648776913,35.5548046771352],[-93.08490851806957,35.555133299349734],[-93.08497679806864,35.55541236224108],[-93.08500081037549,35.55546414484227],[-93.08514023058825,35.5556285527315],[-93.08515673676945,35.55564904484705],[-93.08524349770323,35.5557646134521],[-93.08531563903499,35.555838518467986],[-93.08537267590411,35.55591104106895],[-93.0854693127231,35.556070253723824],[-93.08549623857442,35.556471268170405],[-93.0853256730345,35.556802518539314],[-93.08518235856509,35.55706347576051],[-93.08516039076963,35.55709771651916],[-93.0851342007872,35.55713456334962],[-93.08510679206452,35.55715939730588],[-93.08506517199876,35.55719827473138],[-93.08502346815844,35.55723309021948],[-93.084987387739,35.557254803303216],[-93.08494792448845,35.55727568201816],[-93.08488752830867,35.557303660709714],[-93.08482139849178,35.55732611081395],[-93.0847621070168,35.55734282511894],[-93.084727504285,35.55735123849101],[-93.08469533359121,35.55735559086802],[-93.08463839049763,35.55736217420538],[-93.08458887892475,35.55736465154929],[-93.08452677352776,35.55735913906952],[-93.08443722184909,35.557337645810705],[-93.08431989602086,35.557279931459405],[-93.08422712275036,35.55720378342285],[-93.08413664311425,35.55711341812895],[-93.08401354685239,35.556975153124824],[-93.08396390379596,35.556914822412836],[-93.08386684683903,35.55681753403131],[-93.08373361759278,35.55677551275191],[-93.08342619170364,35.55671504587818],[-93.08331696100765,35.55675126177666],[-93.08326850901864,35.55679213777953],[-93.0832082549856,35.556813739890124],[-93.08311183196652,35.55683146451882],[-93.08304895702864,35.55682392757881],[-93.08285804218521,35.556830802446015],[-93.08269637145558,35.55696200680977],[-93.08264286364403,35.5571494681273],[-93.08261256649462,35.5573291087389],[-93.0825628176941,35.55744784285016],[-93.08237397195897,35.557685061907115],[-93.08218498240544,35.557824635410434],[-93.0821166481971,35.55787659328126],[-93.08207917339038,35.55790508963627],[-93.08202726094079,35.55804133163285],[-93.082022150856,35.55806715416305],[-93.08201730395892,35.55808704538986],[-93.08198066815886,35.55840324212427],[-93.08198538855783,35.558422720194415],[-93.08200106517079,35.558479387019446],[-93.08201583318787,35.55850089871236],[-93.0820170012327,35.55850259664645],[-93.08203236127292,35.5585225128969],[-93.08215293025944,35.55870028606646],[-93.08224717147506,35.55884509252505],[-93.08225416887583,35.5588618640482],[-93.08230444380936,35.558954273390945],[-93.08235536139203,35.55909879103788],[-93.08244833431485,35.55934685906094],[-93.08244858513936,35.55936551334334],[-93.08234252150575,35.559747874532306],[-93.0823354278291,35.559760057202446],[-93.08232421933799,35.55977430658246],[-93.08231469223928,35.55978616000344],[-93.08225424372334,35.559844492701615],[-93.08224119500576,35.55985366968595],[-93.08221603874048,35.55986764815225],[-93.08218357016757,35.559888300278146],[-93.0820966693599,35.55994077480307],[-93.08203596151365,35.559977697640875],[-93.08201029806942,35.56000081113059],[-93.08196801146929,35.560037124503474],[-93.08194464604945,35.56006525956674],[-93.0818979392256,35.56012349167602],[-93.08189439053585,35.56015709987039],[-93.0818910750866,35.560182439680446],[-93.08198164248195,35.56029846690517],[-93.0820721945188,35.56036020690415],[-93.08211174152133,35.56039001862376],[-93.08215185652264,35.56042169367511],[-93.0822000085433,35.560451779016674],[-93.08223960587254,35.56048107761479],[-93.08228139047314,35.56050302347046],[-93.08234075192811,35.56054008266093],[-93.08236765957528,35.56056279423676],[-93.0823959986435,35.560583577078596],[-93.08242506840678,35.56060778572329],[-93.08244646330363,35.560634842544154],[-93.0824676585097,35.56066407249901],[-93.08248543015124,35.560689410521384],[-93.08251530928352,35.560722694702584],[-93.08253537451533,35.56075291453973],[-93.08255212377921,35.56078302573957],[-93.08256774412486,35.560820570997336],[-93.0825795283516,35.56085329409616],[-93.08259169863199,35.56089768801966],[-93.08260053866417,35.56094096886941],[-93.08259543615937,35.561023651002984],[-93.08259488586006,35.56103257150472],[-93.08259353516152,35.56107444913801],[-93.08258737972241,35.56111604243262],[-93.08257108340058,35.561179044478955],[-93.08255710263383,35.56121888759777],[-93.08253758025653,35.56126300567284],[-93.0825152152851,35.56131459774791],[-93.0824935162939,35.56136464391723],[-93.0824726820904,35.56140685947365],[-93.08244977557193,35.561445848499886],[-93.08242883258944,35.56147993836111],[-93.08240151464997,35.56151810357122],[-93.08237868221597,35.561556227840555],[-93.08235920756692,35.561599715591306],[-93.08234582188415,35.56164543619897],[-93.08233506453638,35.5616975315505],[-93.08232948638555,35.561743789623094],[-93.08232634923182,35.561776155954036],[-93.08232819825393,35.56182433309701],[-93.08233013128489,35.561861860674576],[-93.08233076437998,35.56189825665447],[-93.08232529228763,35.56196515455432],[-93.08232478554355,35.56201454243054],[-93.08232350287341,35.56205943155233],[-93.08231629515217,35.56208438630976],[-93.08230132207231,35.562152280715566],[-93.08228563550927,35.562201220907795],[-93.08226779881231,35.562249620667046],[-93.0822492597473,35.562313693557435],[-93.08222902542893,35.56236452041119],[-93.08220406497848,35.562414337017664],[-93.08217968952754,35.562456772230824],[-93.08215686244374,35.56250374534029],[-93.08213431520845,35.56255031881902],[-93.082108510357,35.56260542151045],[-93.08208455200861,35.562653361955036],[-93.08205951489263,35.562701755762035],[-93.08203515350102,35.56274731879301],[-93.08200828439668,35.562793394765684],[-93.08198080780129,35.56283676706684],[-93.08194292860085,35.56288224098809],[-93.0819008410881,35.56292702978934],[-93.08184529190156,35.56297807802147],[-93.08180166692392,35.5630063719624],[-93.08174317860569,35.56303634042981],[-93.08168169448032,35.563081722971745],[-93.08163505939565,35.56315384587557],[-93.08160932844036,35.56315283991111],[-93.08157090814586,35.563157994552704],[-93.08152875711032,35.56315566432082],[-93.08150440703218,35.56316596962568],[-93.08146485081706,35.56316961652428],[-93.08144912534523,35.563173166163935]]}},{"type":"Feature","properties":{"name":"MG BLACK OAK RIDGE","id":"2305","atv":"open","motorcycle":"open","fourwd_gt50":null,"other_wheeled_ohv":"open","seasonal":"yearlong","trail_class":"TC4 - HIGHLY DEVELOPED"},"geometry":{"type":"LineString","coordinates":[[-93.09460539703437,35.55027455310491],[-93.09458654706043,35.55034597499465],[-93.09458419096852,35.55051931860583],[-93.09462900825257,35.55071812689923],[-93.0946235120767,35.55077398194035],[-93.09459715301658,35.55103528974467],[-93.09458396805341,35.55142487561061],[-93.0945811104293,35.551452104425195],[-93.09457715090525,35.551473971020776],[-93.09454985872487,35.55151125088343],[-93.09451839020979,35.55155867950928],[-93.09449406841148,35.551625352098846],[-93.09447941641288,35.55167816037202],[-93.09446866826296,35.55173028032185],[-93.0944529348405,35.55176040363397],[-93.09444321537303,35.551789351877105],[-93.09441558795302,35.551869270641795],[-93.09422468610512,35.552182833895856],[-93.09421097058595,35.55222057463683],[-93.09420819568462,35.552241309608604],[-93.09424149806117,35.55244627090598],[-93.09425293797794,35.55251647163492],[-93.09425697367328,35.55258218697444],[-93.09418784309587,35.55273425749896],[-93.09418090943223,35.55277270705137],[-93.09411139501984,35.55287983361481],[-93.09406830816945,35.55294483283872],[-93.09403478349805,35.552983943302436],[-93.09401274745248,35.55300658226689],[-93.0935795717086,35.553244566493504],[-93.09353721114061,35.55328849584062],[-93.09349316103692,35.55334360347618],[-93.09347378570594,35.553370724239585],[-93.09346267756078,35.5533900644684],[-93.09334566820817,35.55352601472466],[-93.09322436517992,35.55376859323397],[-93.09322265601692,35.55380475297448],[-93.09320589245095,35.55391889731045],[-93.09320118677954,35.55394476329654],[-93.09317286917154,35.55398868436073],[-93.09315989648113,35.55402639374097],[-93.09311436135282,35.554085973717065],[-93.09310352146267,35.554120861949094],[-93.09308893156884,35.554153170717406],[-93.09307721692554,35.55418253243896],[-93.09306812478937,35.55422415382546],[-93.09305444166944,35.55427064862609],[-93.09303739551339,35.55434295246381],[-93.0930109317254,35.55441396426946],[-93.09299710362534,35.55443720623471],[-93.09300162555915,35.55447762962605],[-93.09297895960626,35.55455066091974],[-93.09297949525755,35.554581687567726],[-93.09296470719248,35.55462882338688],[-93.09296399692873,35.55467113798894],[-93.09295176556992,35.554708912592346],[-93.09294988200375,35.55473844254384],[-93.0929392542562,35.554789019496944],[-93.09292783953686,35.554806868560995],[-93.09291400746633,35.55482770488655],[-93.0927939703311,35.5549891324421],[-93.09267576890588,35.555113325272096],[-93.0925194993012,35.5551652691495],[-93.09247540083246,35.55520858451142],[-93.0924738085925,35.55530171649679],[-93.09250829258404,35.55544880776051],[-93.09248859686994,35.55549647835826],[-93.09243791563536,35.55558321282799],[-93.09226319600981,35.55571566900065],[-93.09220966687293,35.555786294672835],[-93.09214963575678,35.555828307473135],[-93.09212524558922,35.5558438454988],[-93.09209995132895,35.555870599068825],[-93.09207898378907,35.5559024978133],[-93.09206242957487,35.555933258894996],[-93.0920549497885,35.55595261334757],[-93.0920100884482,35.55602607885436],[-93.09200184736349,35.55604838231546],[-93.09198668475699,35.55611224049274],[-93.0919575523561,35.55616567079417],[-93.09192995391703,35.55619326192412],[-93.09190044024669,35.556224957064444],[-93.09187387845326,35.556253076666174],[-93.09184422812571,35.55628108410355],[-93.09182113169157,35.55633502011286],[-93.09170611734514,35.55646268544262],[-93.09168704437218,35.556514272243],[-93.09169082574672,35.55658020061151],[-93.09168314702883,35.55660812547656],[-93.09163023386097,35.556679959540666],[-93.09159549016749,35.55675368498891],[-93.09153121431417,35.55687040600194],[-93.09151964881461,35.55691727860059],[-93.09150844959053,35.556944699391735],[-93.09147014146664,35.55702114150481],[-93.09141915160129,35.55715467014989],[-93.0913704006908,35.557217500560455],[-93.09130114108855,35.5573818292984],[-93.09114588852303,35.55762921909085],[-93.09108822542777,35.55773642413605],[-93.09099077656396,35.557910089932506],[-93.09074349498587,35.55834349536032],[-93.09070884855369,35.55836974983481],[-93.09062139597268,35.55848635341995],[-93.09060807213497,35.55850886617579],[-93.09057754809473,35.55864115910554],[-93.09047910783507,35.55886835048139],[-93.09033997828429,35.559009167040664],[-93.09032541158201,35.55902851496473],[-93.09031188818678,35.5590532937082],[-93.09028758632505,35.55908382139399],[-93.09027098236878,35.559224931065316],[-93.09029422434959,35.55929320362088],[-93.09031989098631,35.5593991872039],[-93.09040399707136,35.559533058612104],[-93.09040445736622,35.559575457044],[-93.09036656193264,35.559711948145065],[-93.09035592691824,35.55974529410609],[-93.09024748928242,35.560034101391516],[-93.09023132374617,35.56012948841437],[-93.09022754099786,35.560153970421055],[-93.0901716675584,35.56033863077314],[-93.09015226915814,35.56041268330973],[-93.09016703094511,35.56045198646231],[-93.09018712739635,35.56049476693288],[-93.09021476876528,35.560603091553126],[-93.09021615729097,35.56063593078355],[-93.09023961724344,35.56071818882205],[-93.09025780359475,35.560752978392244],[-93.09026719020247,35.560836226161136],[-93.09037689512454,35.56105614185177],[-93.09040162807811,35.5610699971549],[-93.09045765672657,35.56111186970679],[-93.09057033779786,35.56122026474985],[-93.09065722174799,35.561354437711934],[-93.09067710743273,35.561400699562256],[-93.09059740449023,35.56149479361218],[-93.09051845710707,35.56157307372602],[-93.09052459889661,35.56167407397971],[-93.09061098649487,35.561731595411786],[-93.09075697490586,35.56177179071512],[-93.0907776258179,35.56178804111606],[-93.09080010880251,35.56181924236246],[-93.09081441156337,35.561854136654226],[-93.0908225958683,35.56188240925352],[-93.09083591356364,35.561920511489184],[-93.09088895064772,35.562080838067395],[-93.09092472741891,35.56218838634452],[-93.09093464110718,35.56221778741034],[-93.09094952057295,35.5622277864163],[-93.09106419166162,35.56227218686254],[-93.09107363148004,35.56228550356197],[-93.09109044533982,35.562303284218146],[-93.09109470746841,35.562358349881194],[-93.09106791014727,35.56246415377395],[-93.09107178694953,35.562476120381554],[-93.09107578591194,35.56249072425212],[-93.09108376139457,35.56253520252259],[-93.09108924663747,35.562560439447125],[-93.09111674778008,35.56265821090015],[-93.09114545485367,35.5627986533906],[-93.09115221416917,35.562816641805625],[-93.0911707844107,35.56288173392099],[-93.0911937421853,35.5629985058586],[-93.09120272509375,35.56302238132894],[-93.09121109771625,35.56305398989528],[-93.09121504518825,35.56309224704199],[-93.09122329260752,35.5631272901242],[-93.09123709491212,35.563165200788816],[-93.09129107245018,35.563249423649104],[-93.09130181173964,35.563280707621615],[-93.09131222097591,35.563312859239744],[-93.09133043197376,35.56334510232638],[-93.09134438992508,35.56337131472486],[-93.09135027805705,35.563394586611935],[-93.09136699927586,35.56344132049451],[-93.091384337476,35.56349981696051],[-93.09140566376989,35.56353212619953],[-93.09142362680281,35.56355874490504],[-93.09147922386411,35.563616964382426],[-93.09153427540193,35.5636475907536],[-93.09156136671368,35.5636646250773],[-93.09164228961966,35.56375724159554],[-93.09166974100387,35.56377548564825],[-93.09169731307384,35.56378729355551],[-93.09172172927961,35.56379726717645],[-93.09174605930329,35.563800362095726],[-93.09178975492708,35.56381542352285],[-93.09181764946301,35.563828387084804],[-93.0918477924807,35.56384289347049],[-93.09198316049763,35.56387501108076],[-93.09202540721884,35.56388226335098],[-93.09207495258264,35.56388190813943],[-93.09210804884852,35.56389083093071],[-93.09216308173147,35.56388647984285],[-93.09218258774725,35.563879345425114],[-93.09234712876636,35.5638208126939],[-93.09237183821618,35.563816034805],[-93.09240592602387,35.563815867123026],[-93.09257912549158,35.563873114074354],[-93.09260058025654,35.56388326290971],[-93.0926357796243,35.56391021623373],[-93.09266734452314,35.56393465761187],[-93.09271460215986,35.56398681114799],[-93.09273969940025,35.564016891050194],[-93.09276298893604,35.564050630371305],[-93.09280396160584,35.56412612005315],[-93.09281894108815,35.56416014437197],[-93.09286428800074,35.564254647568454],[-93.0928790153995,35.56428916437939],[-93.09288086215712,35.56431359522873],[-93.09288420576407,35.564345155249406],[-93.0928876208962,35.56440426903209],[-93.09305513869005,35.56473811457928],[-93.09307578507462,35.564756069619484],[-93.09322898841863,35.56490402268765],[-93.09341663685557,35.564920393136106],[-93.09343585737565,35.56493432240716],[-93.09345828525933,35.56494873518337],[-93.09357659185355,35.564980537820446],[-93.09363719182086,35.56498405142358],[-93.09367848005031,35.564990120879756],[-93.09374510193095,35.56500789220031],[-93.09376073954145,35.56502096672693],[-93.09381728603144,35.565142546692464],[-93.0938048523009,35.56518854010167],[-93.09380485267347,35.565239044756325],[-93.09381382119815,35.56533112336248],[-93.09382985872757,35.56548083234299],[-93.09385715178787,35.565638706098824],[-93.09387140881894,35.56567430153097],[-93.0938894216702,35.565706569618],[-93.0940018535267,35.56584627618908],[-93.09401320767742,35.565868027984365],[-93.09403243321054,35.565890688823806],[-93.09406633467785,35.56592295350636],[-93.09438901825368,35.56609563507178],[-93.09443578276702,35.566144943563465],[-93.09446742013043,35.56617255914609],[-93.0944881203852,35.56619445955883],[-93.09450322621879,35.566216737640225],[-93.09452577744727,35.56624644406388],[-93.09454558904714,35.56627650067208],[-93.09456927464191,35.56630143281303],[-93.09459991224466,35.56632898692979],[-93.09461947534541,35.56635131830317],[-93.09464531031705,35.56637877609306],[-93.09466365306429,35.56640590434304],[-93.09469367763616,35.56643666251242],[-93.09471631397916,35.56645793831762],[-93.0947405284808,35.56648398626281],[-93.0947713910208,35.56651971099508],[-93.09478697712053,35.566545814402616],[-93.09480000103777,35.56656834474354],[-93.09481990561109,35.566594735085076],[-93.0948426474694,35.566625886657334],[-93.09486273692026,35.566649006527776],[-93.0948833234178,35.56666876010951],[-93.09490889514866,35.56669367446765],[-93.09494208254026,35.56671966481428],[-93.0949697181558,35.566734497884774],[-93.0949923088361,35.566752481714936],[-93.09503161357354,35.566772275522226],[-93.09506304528054,35.56678889356922],[-93.09511790855944,35.56682437657383],[-93.09518636644887,35.56684876291997],[-93.0952191032467,35.56686686402675],[-93.09525917969387,35.56688032299359],[-93.0952882358786,35.56688414470693],[-93.09534944918896,35.566892718877476],[-93.09537464972827,35.56689662296529],[-93.09540657834049,35.56690781975374],[-93.09548530402525,35.56692877330189],[-93.09551731261362,35.56693945605182],[-93.09558904527516,35.566956713761066],[-93.09563862759428,35.56696730680436],[-93.09568117453863,35.56696925579382],[-93.0957189134622,35.5669684918864],[-93.09576478441501,35.566966861325],[-93.09581444799625,35.56696040836341],[-93.09585718312701,35.56695728891458],[-93.09603178722772,35.56691140788617],[-93.0960674280853,35.56691601131498],[-93.0961532422965,35.5669160015123],[-93.0963056324223,35.566909222025444],[-93.09634306653035,35.56690920834663],[-93.0963804013787,35.56692490975457],[-93.09639140136869,35.56694790228761],[-93.09639162466179,35.56697678315623],[-93.0963923817274,35.567007223468394],[-93.09639151761692,35.567048653597595],[-93.09639501787292,35.56708537267424],[-93.09640262951854,35.567107019032576],[-93.0964100990899,35.56713718888854],[-93.09643900188804,35.567244962736694],[-93.09645363090486,35.56727207745064],[-93.09648528657068,35.56731769501037],[-93.0965054073103,35.56734520385582],[-93.09658801367058,35.56738447348653],[-93.0966816501741,35.567402744491545],[-93.09674650509139,35.567363978826236],[-93.09679259631741,35.5673177714704],[-93.09684465893973,35.567208443156375],[-93.09688167535981,35.56715468444558],[-93.09690979933555,35.56708802291468],[-93.0969305545648,35.56705311291914],[-93.09694360619271,35.567021123277236],[-93.09695484175391,35.56699218450575],[-93.0969741264465,35.56695404323645],[-93.09698501995148,35.56692515432824],[-93.0969984958437,35.566899114387816],[-93.09700155132673,35.56686964300028],[-93.09701192206704,35.56682546507389],[-93.09702474124984,35.56679111867178],[-93.09703600058351,35.56674716634411],[-93.09704291879615,35.56670336988987],[-93.09705553729437,35.56665636975903],[-93.09706353260663,35.566603481906924],[-93.09707820025963,35.566530802669675],[-93.09708427571974,35.5664754322896],[-93.09708748421635,35.566423731265935],[-93.09708197232285,35.56637360434802],[-93.09707664547568,35.56633507893104],[-93.09707581098971,35.56630104376655],[-93.09705218039254,35.56620064679397],[-93.09704642360222,35.56616611877652],[-93.09704455204295,35.56612952463472],[-93.09703567681267,35.56604657551008],[-93.09703847281405,35.565966671812205],[-93.09704189808144,35.56593915852571],[-93.09704501159342,35.56589287564631],[-93.09704386799048,35.565846818001425],[-93.09703538008789,35.56579221132306],[-93.0970265508253,35.56576291810475],[-93.09702228345088,35.56566582454081],[-93.09702346390519,35.565637187788944],[-93.09701131183857,35.56558214675083],[-93.09688740827563,35.56528456712083],[-93.09687698939848,35.56524555167049],[-93.09687951478247,35.56520658262279],[-93.0968689322176,35.56496277247418],[-93.09685992568181,35.56494559948949],[-93.096790588999,35.564678601645866],[-93.09678791947499,35.564639936117814],[-93.09678565376056,35.56460579659641],[-93.0967819679725,35.56456809665932],[-93.0967817010288,35.564485583298456],[-93.0967681794591,35.56439716568856],[-93.09676243922048,35.564359672976906],[-93.09675789062898,35.5643174753501],[-93.09675257571871,35.56427761994783],[-93.0967429042676,35.56420752096638],[-93.09674874499242,35.56416429432242],[-93.09675706401285,35.564131038946485],[-93.09676266883007,35.564099956944695],[-93.09676829240595,35.56405969873693],[-93.09677500561948,35.56396936868857],[-93.09677351835776,35.56392735434417],[-93.09676928349906,35.56389552104113],[-93.09673985038289,35.56376545319898],[-93.0967172581611,35.563682441988966],[-93.09666352305472,35.563461393605095],[-93.0966670259061,35.5634332247489],[-93.09667406425676,35.56340040229654],[-93.09668001350842,35.56334832577238],[-93.09668099553996,35.56331978474782],[-93.09667737965265,35.56326209765078],[-93.09667134901085,35.563232615506074],[-93.09667685483743,35.5631586425278],[-93.0966720294352,35.56308340739383],[-93.09668240204971,35.56300796621552],[-93.09669056574594,35.56294652958419],[-93.09669586216435,35.56290954285643],[-93.0967059948667,35.56285212875182],[-93.09671415493766,35.56279872410631],[-93.09671882500618,35.562740985275546],[-93.0967296778049,35.56269239062663],[-93.09673933855979,35.562652748612166],[-93.09674310534335,35.56262938899208],[-93.09674662915467,35.56259851332992],[-93.09675121296628,35.56256176520766],[-93.0967528095249,35.562525817451245],[-93.0967527219587,35.562479586713195],[-93.09673167214106,35.56222251511133],[-93.09667785926688,35.56200391835538],[-93.09662926306805,35.56183061858875],[-93.09656269268305,35.56168024798219],[-93.09654596692039,35.561658615224225],[-93.09607428362568,35.56109815673077],[-93.09605057855782,35.561071729926155],[-93.09602424217141,35.5610493437481],[-93.09595567371923,35.56095974627078],[-93.0959320155294,35.56092629186568],[-93.09591107754447,35.560891131154165],[-93.0958993741296,35.560866884001975],[-93.09588067195168,35.56082168602885],[-93.09585068692189,35.56078105130817],[-93.09575967051641,35.56067771763419],[-93.09573457243204,35.56063493575589],[-93.09571127438561,35.5605775446462],[-93.09569850955347,35.560531942493704],[-93.09524935294012,35.559994437982624],[-93.09500281876758,35.55966700970357],[-93.09492037100887,35.559535882155785],[-93.09499923037166,35.55940328949736],[-93.09580598963682,35.55939595902337],[-93.09620849926064,35.55932636124592],[-93.09677321269815,35.559321224290805],[-93.09717572113408,35.559251647630234],[-93.09773863530224,35.55911464698444],[-93.09789459885837,35.558717642894486],[-93.0980505630303,35.55832059169095],[-93.09804426327653,35.5578591044],[-93.09812128682861,35.55759467214831],[-93.09766656201155,35.5572312266723],[-93.09766835497646,35.557220258321],[-93.09766886055002,35.556880242557746],[-93.09767498561403,35.55684121642414],[-93.09766183026241,35.5567942875233],[-93.09764118503914,35.55668636823709],[-93.09763481900337,35.556659527344316],[-93.0976125317169,35.55656320473806],[-93.09759920085118,35.556538903147846],[-93.09751079167168,35.55633953452041],[-93.09747544681672,35.556234761257286],[-93.0974072739649,35.55612169398003],[-93.09737716120095,35.55609049378729],[-93.09734215682828,35.55606085470429],[-93.09722133430537,35.55597995148022],[-93.09718799875121,35.55594698297592],[-93.09717841634574,35.555919050933326],[-93.09715978743282,35.5558729414829],[-93.0971542460058,35.5558416574132],[-93.09715371589975,35.555781818212765],[-93.09715271459619,35.55575028252752],[-93.09712957590122,35.55565634810096],[-93.0968345866242,35.55507712212114],[-93.09682637484987,35.55504277993907],[-93.09681883052599,35.555002851430274],[-93.09681838890513,35.55494114300542],[-93.09681253883217,35.55489342368534],[-93.09681889136975,35.55485432526667],[-93.09682078407826,35.554808800683574],[-93.09682588112943,35.55476341057951],[-93.09682218133689,35.55472470704413],[-93.09681885176037,35.55468373643518],[-93.09680018466756,35.55464951264641],[-93.09678099217132,35.554582978251126],[-93.09669433018999,35.554352118843155],[-93.09662486213273,35.55420473940975],[-93.09662421679913,35.554169908756556],[-93.09662450015198,35.55413203335092],[-93.09663479360927,35.55409910996115],[-93.09663805342122,35.55406366034313],[-93.09663744054544,35.55402278132001],[-93.09664751948694,35.553972020537365],[-93.09667332060775,35.55391336663052],[-93.09668603592279,35.55386944733855],[-93.09669223812979,35.5538255413829],[-93.0966887075042,35.55378244751322],[-93.09667746627953,35.55369769856873],[-93.09667390806165,35.55364631484644],[-93.09667524917802,35.553606328702045],[-93.09667352535024,35.55354902229882],[-93.09668182964943,35.553497951858986],[-93.09668907004786,35.55344850255659],[-93.09669884838316,35.55335055626816],[-93.0966971696667,35.55329866700764],[-93.09670010651354,35.55326261082424],[-93.0967061277493,35.553215974778176],[-93.0967215252767,35.55312988533194],[-93.09662220600624,35.55276261821074],[-93.0966021744049,35.552716265422916],[-93.09660737133208,35.55267411940994],[-93.09660780406614,35.552643036992094],[-93.09660073644848,35.552606560532965],[-93.0965961806562,35.5525678414325],[-93.09659664075471,35.55253657324995],[-93.0966012146023,35.55247813381186],[-93.0965987390806,35.55244532794292],[-93.09660110233321,35.5524112171],[-93.09661630779648,35.55233612627572],[-93.09663309164081,35.55225329432189],[-93.09662933054688,35.55217436138449],[-93.09661188810034,35.552085278585295],[-93.09658918271158,35.55200623729369],[-93.09658913249622,35.55187882084392],[-93.09659112899746,35.55183882875373],[-93.09659671029823,35.551755678468226],[-93.0966752709575,35.55161449375838],[-93.0966661951607,35.55146847965163],[-93.0966449055997,35.55144931657197],[-93.09662341672527,35.551417594404214],[-93.09658366521047,35.55134776821696],[-93.0965930099516,35.5512766079112],[-93.09660228668511,35.55125086254962],[-93.09662976623373,35.551172906313326],[-93.09665299228807,35.55108471420996],[-93.0966796510254,35.55100321689128],[-93.09669330832605,35.55094660954151],[-93.09669617969341,35.550920409460076],[-93.09669699457214,35.55091266533644],[-93.09669808054178,35.550881678863185],[-93.09669572196327,35.55083231658246],[-93.09668864369463,35.55079513863323],[-93.09668614397286,35.550775244571334],[-93.09667455360557,35.55072556960129],[-93.09666454138848,35.55068909549491],[-93.09661067915742,35.55056067351042],[-93.09660294250155,35.55049609007441],[-93.09660976746262,35.55046656149729],[-93.09661540327494,35.55043354083494],[-93.09661516117788,35.55039268132649],[-93.09663071126322,35.55031364272435],[-93.09665602549244,35.550252914452976],[-93.09667484583434,35.5502125824626],[-93.09672377744924,35.550113346003755],[-93.09675847948341,35.55001398298806],[-93.09681461145283,35.54987930720625],[-93.09684697514616,35.54980543872306],[-93.09686193310567,35.54977100306422],[-93.09687990244686,35.54971771303868],[-93.09688686700699,35.549697062092356],[-93.09689802051231,35.549656005877345],[-93.09690451701375,35.54959388427146],[-93.09689399326795,35.549521947326234],[-93.09689101985383,35.54948615734655],[-93.09689358999543,35.54944627567913],[-93.09689571346875,35.54935059502544],[-93.0968975626422,35.5493185421648],[-93.09690380970608,35.54928845860605],[-93.09691927258226,35.5491758673801],[-93.09691479163985,35.54906086670996],[-93.09687033298859,35.54892014759597],[-93.09685068481036,35.548836899405885],[-93.09685536350247,35.54875679109806],[-93.09686694664396,35.54871162295592],[-93.09686922573917,35.5486104753894],[-93.09687638754336,35.54852182273723],[-93.09687905987306,35.54842657983595],[-93.09687920627648,35.54839328314339],[-93.09688447588282,35.54813858733572],[-93.09690961155012,35.54805855094183],[-93.09694137411465,35.5480056555546],[-93.0969536580223,35.547969936253914],[-93.09699179203541,35.54791712319104],[-93.09707048987777,35.547786327879244],[-93.09709277246276,35.54764794447832],[-93.09702596353668,35.547470910905304],[-93.0969458943873,35.5472789140471],[-93.09689707669405,35.54713279384163],[-93.09682303606925,35.54699099028775],[-93.09680664583996,35.54691833668384],[-93.09677098166107,35.54680434290439],[-93.09671553697264,35.54679025382912],[-93.09667080932564,35.546774293303216],[-93.09644944464827,35.54673367124143],[-93.09624403002,35.546735539501945],[-93.0960526133789,35.54673728085084],[-93.09564448770223,35.54684097270657],[-93.09560477055601,35.54691180182004],[-93.09559454634861,35.54696454724866],[-93.09558389136026,35.547031750269674],[-93.09558140523288,35.54706109954258],[-93.09558383751153,35.54708027146194],[-93.09558223374799,35.54710941355457],[-93.09558387670238,35.54713560824475],[-93.09559329456309,35.54718521023441],[-93.09560771674462,35.547231006847554],[-93.09561748558862,35.547268627268984],[-93.0956460257048,35.54733993332821],[-93.09569305247902,35.547419804928424],[-93.09573129810755,35.547511475418275],[-93.09575311054054,35.54754184140986],[-93.09577224170576,35.54757470713101],[-93.09580561622415,35.5476967079676],[-93.09581402596524,35.54772689163899],[-93.09581960337825,35.54774204144263],[-93.09583362535005,35.54779622470169],[-93.09583672731486,35.547816253562026],[-93.095843894228,35.54784318051324],[-93.09585666627784,35.54790204438843],[-93.09586039991406,35.5481867547469],[-93.09584011316504,35.54823896177674],[-93.09583446411625,35.54825636203224],[-93.09568427485365,35.54845990887671],[-93.09563487636538,35.548745056292226],[-93.09543215743568,35.54906071292016],[-93.0951419206343,35.54931505583855],[-93.09507773847945,35.549389633324495],[-93.09502179988556,35.54945099222832],[-93.09501707580168,35.54945773316835],[-93.09501157633106,35.549465605403135],[-93.09468049852636,35.54996055897201],[-93.09466286882578,35.5500149826927],[-93.09465802981607,35.55007512823441],[-93.09460741378408,35.55026695772734]]}},{"type":"Feature","properties":{"name":"MG STAVE MILL FLS D","id":"2349","atv":"open","motorcycle":"open","fourwd_gt50":null,"other_wheeled_ohv":"open","seasonal":"yearlong","trail_class":"TC3 - DEVELOPED"},"geometry":{"type":"LineString","coordinates":[[-93.08328695409483,35.5705635364117],[-93.08328862607331,35.57056358124117],[-93.08362688763194,35.57057251243304],[-93.08363990809254,35.5705728559489],[-93.08389039673729,35.57062163295934],[-93.08401904329384,35.57067274857283],[-93.08425332146113,35.57084129263854],[-93.08437511081843,35.57087339307223],[-93.08450738163639,35.5708934227434],[-93.08453948164811,35.57088596245453],[-93.08457569074713,35.5709209124002],[-93.08467451055807,35.57097012228926],[-93.08470318123524,35.571025103331],[-93.08477996144455,35.571073302528234],[-93.08479546175758,35.57108830334269],[-93.08482698204863,35.57114748227568],[-93.08492169115247,35.571206912448744],[-93.08491398122545,35.57130397332262],[-93.08503183086354,35.57137496259999],[-93.08507148081115,35.57145945250346],[-93.0851282216834,35.57146096330279],[-93.08516619161867,35.5716169522836],[-93.08518128130662,35.57170781348394],[-93.0851321604902,35.57181049299828],[-93.08513401193773,35.57195407270712],[-93.08518204200467,35.57206571370199],[-93.0851786821723,35.57218935330073],[-93.08519570118868,35.57226571265471],[-93.08515312153145,35.572393782757665],[-93.08509176158104,35.57250099270608],[-93.0850724019247,35.57260216253436],[-93.0850534621557,35.572675672786225],[-93.08502286153441,35.57271783247906],[-93.08507927200499,35.57279117325343],[-93.08505388196713,35.57287029276405],[-93.08505824138884,35.572976913503666],[-93.08507473389584,35.57304688047803],[-93.08512647670152,35.573088232777934],[-93.08516276095597,35.57309082376352],[-93.0853050815527,35.573122003472264],[-93.08535730104441,35.57313399373091],[-93.08544757074712,35.573145562978134],[-93.08554170195879,35.573189232964985],[-93.08565050171829,35.57322376316584],[-93.0857074108976,35.57321529311497],[-93.08582669171876,35.573257963991374],[-93.08586223171599,35.57327455264083],[-93.08590992146404,35.5732931631567],[-93.08594730146461,35.57333063287766],[-93.0859593711165,35.573338263121734],[-93.08607521139919,35.57337497353759],[-93.08621729215352,35.5734245930553],[-93.08630638200015,35.57345007328744],[-93.08638853180321,35.57346583314013],[-93.08648484221013,35.573467173376656],[-93.08657419254155,35.573505893174804],[-93.08664166171883,35.57352752327435],[-93.08671958294272,35.573560013505585],[-93.08675178128836,35.573575405089976],[-93.08680343223553,35.57359801305852],[-93.08681642254147,35.57362006367665],[-93.08692564039976,35.57365747231898],[-93.08698968186381,35.57369231308717],[-93.08703511231352,35.57382457250335],[-93.08711474223993,35.57390278343335],[-93.08716788236109,35.573922393056016],[-93.08730827240964,35.57393597322382],[-93.08737483240913,35.57393899334287],[-93.08738849211558,35.57394209326097],[-93.08752536236815,35.57402431265908],[-93.08759577171567,35.57408290266579],[-93.08766107252185,35.5741202929505],[-93.08770398207302,35.5741367233147],[-93.08773500260922,35.574144433363465],[-93.08782183240673,35.57421240295716],[-93.08788378243858,35.57426362339171],[-93.08798042296404,35.57436613275108],[-93.0879867924802,35.57437661258384],[-93.08812031210435,35.57443645368722],[-93.08838248058792,35.574459777908295],[-93.08848743102716,35.57451889297332],[-93.08849208464888,35.57452151518592],[-93.08854651614692,35.57458167442479],[-93.08857652533179,35.574614843317235],[-93.0886131839412,35.57463895646982],[-93.0886834043692,35.57468514637041],[-93.08868627260823,35.57468703413583],[-93.08878294214647,35.574738433232504],[-93.08888558423321,35.57475841497984],[-93.08902618752043,35.574746689754434],[-93.08912122986479,35.574677876209854],[-93.08916516321995,35.57461475199672],[-93.08914455519425,35.574510393092254],[-93.08907973144787,35.57444825184313],[-93.0889447477099,35.57440242645487],[-93.08877841454682,35.57440392950319],[-93.08861791213504,35.57436356043938],[-93.08846373784871,35.57431790821074],[-93.08832214551055,35.57425645943321],[-93.08822222839993,35.574167409091466],[-93.0881723315928,35.574096571653165],[-93.08808099775327,35.57398126674006],[-93.08787646099088,35.57372304853744],[-93.0875466401665,35.573095941682524],[-93.0875234617325,35.573049082194345],[-93.087341261532,35.572680705635634],[-93.08724930875373,35.57249479434105],[-93.0871881157594,35.572166891887875],[-93.08720544302965,35.57188538606171],[-93.08720830939774,35.57183882774901],[-93.08717114027756,35.5715588734041],[-93.08718558796255,35.571441146011416],[-93.08720121377878,35.57131382140939],[-93.08722239675512,35.57124102690236],[-93.08723626143652,35.57119338224239],[-93.08736319553931,35.571113914604]]}},{"type":"Feature","properties":{"name":"MOCC GAP STAVE MILL FLS A","id":"2303","atv":"open","motorcycle":"open","fourwd_gt50":null,"other_wheeled_ohv":"open","seasonal":"yearlong","trail_class":"TC4 - HIGHLY DEVELOPED"},"geometry":{"type":"LineString","coordinates":[[-93.06813751952862,35.57368031160204],[-93.0681455659755,35.57365412108926],[-93.06814557698583,35.57365409042664],[-93.0681635237511,35.57360928228199],[-93.06818827624035,35.57353413939598],[-93.06838671818115,35.57336140717703],[-93.06840760015888,35.57320598727361],[-93.06840064681734,35.573133964031754],[-93.06844894500863,35.573011215481976],[-93.0684792445323,35.57285908396838],[-93.0685468308662,35.572733082051684],[-93.06857028121783,35.572607018647794],[-93.06857695852831,35.57247286427822],[-93.06857353025146,35.57234411478592],[-93.06860641138124,35.5721838037112],[-93.0686546642466,35.57190677136526],[-93.06868891178208,35.57174185741227],[-93.06871184680548,35.57160352718665],[-93.06873783657002,35.57145234747604],[-93.06877944788616,35.571323411783666],[-93.06881397602025,35.57117490600641],[-93.06881764516918,35.571020982635666],[-93.06879776056732,35.57088792446735],[-93.06878813166506,35.57075872495136],[-93.06878441937837,35.570574306268476],[-93.06878926629034,35.57042966388821],[-93.06878058006114,35.570283847151146],[-93.06878563353297,35.570169135215544],[-93.06879357750103,35.57006373847045],[-93.06883863188555,35.569964018121674],[-93.0690020668252,35.56990427002782],[-93.06926437693186,35.56990412772155],[-93.06938818417923,35.56987503482799],[-93.06951921412654,35.569838144603594],[-93.06964445710979,35.569802881467744],[-93.06972155882447,35.56977917736979],[-93.06990296813721,35.569648729392284],[-93.07001472118577,35.56956341628689],[-93.07009562217816,35.56949918918459],[-93.07019103625716,35.56944527306646],[-93.07035162317572,35.56942229896228],[-93.07054477518118,35.56937785512372],[-93.07069695409358,35.56935901688097],[-93.07093891967297,35.569309305136514],[-93.07100752958856,35.56927549130117],[-93.07116947066949,35.56910974931316],[-93.07126602543927,35.568994408845434],[-93.07135114044115,35.56891271957847],[-93.07148330549887,35.56882839656706],[-93.0717101598563,35.56871767785684],[-93.07171648712067,35.568714583205505],[-93.07185567840664,35.56873349467668],[-93.07203430370268,35.56879478114984],[-93.07219368631485,35.56883868677897],[-93.07242165377039,35.568863484532244],[-93.07258806221732,35.56887213595644],[-93.07277458940074,35.5688852842053],[-93.07292249129327,35.56889283910038],[-93.07292359384739,35.56889294392757],[-93.07294936617937,35.56887559934879],[-93.07306366011045,35.56879920739497],[-93.07323547780231,35.56871288198766],[-93.073396268612,35.56866434166542],[-93.0735220906007,35.568587846679996],[-93.07365868973285,35.56845472438812],[-93.07372686297141,35.568378743175884],[-93.07380618797224,35.56827439521037],[-93.07394240920827,35.56811301121487],[-93.07407988527007,35.568045834354415],[-93.07431111198976,35.56809088321284],[-93.07458921138694,35.56819204535011],[-93.07472819903728,35.568237915948124],[-93.07494802147639,35.56829248766427],[-93.07511032184024,35.56835699324448],[-93.07522612347127,35.56839364742477],[-93.07537613739049,35.568401732676655],[-93.07549231885491,35.568466648870334],[-93.07560761640447,35.56846561995713],[-93.07572341952192,35.56850227455957],[-93.07587519792088,35.56864224917674],[-93.07600353940357,35.568754165219914],[-93.07610945083438,35.56891339181502],[-93.07618179048579,35.5691442195406],[-93.07624965824415,35.5691984835607],[-93.07641192394149,35.56926297297254],[-93.0765715418564,35.56912967140842],[-93.07677702135689,35.56901508502304],[-93.0768118235955,35.56899567267567],[-93.07689163257537,35.56892902255466],[-93.07713635420441,35.56912462723015],[-93.07728239773299,35.56936003892727],[-93.07728319715989,35.569358201735355],[-93.07732123494732,35.56927087330748],[-93.0774382305758,35.569002267013865],[-93.07745584058195,35.56889607812997],[-93.07748204977827,35.568815405176515],[-93.07750413292987,35.56874871238859],[-93.07755244417606,35.568647481805336],[-93.07758997232698,35.56855186105138],[-93.07760148962704,35.56850323707862],[-93.07762196778614,35.568436298244265],[-93.07762962570075,35.568365713236865],[-93.07763162406445,35.56827400599786],[-93.07762413789008,35.568205704724186],[-93.0775945663992,35.568122588978454],[-93.07755809235253,35.568028119463754],[-93.07750879436104,35.567884707101314],[-93.07743859517244,35.56773650410174],[-93.07740821196343,35.56769138384544],[-93.07712947802042,35.56735603252114],[-93.07709468428638,35.5673017072592],[-93.07705169839386,35.5672478795287],[-93.07701979912561,35.567197939868635],[-93.07699660181262,35.567147382415726],[-93.07695291189505,35.56692376632443],[-93.07695165878842,35.56691737435915]]}},{"type":"Feature","properties":{"name":"GAP HOLLOW LOOP","id":"2310","atv":"open","motorcycle":"open","fourwd_gt50":null,"other_wheeled_ohv":"open","seasonal":"yearlong","trail_class":"TC4 - HIGHLY DEVELOPED"},"geometry":{"type":"LineString","coordinates":[[-93.091511508709,35.58018851409652],[-93.09150669661572,35.580188615128584],[-93.09141768425586,35.58020437330772],[-93.09131267545757,35.58021313135098],[-93.09119346526973,35.58023177770299],[-93.09109856752957,35.58028143249471],[-93.09099881335653,35.58032527699149],[-93.09092292125685,35.58036695295644],[-93.0908707875358,35.58039865396414],[-93.09074390740254,35.580380284507015],[-93.09065477319946,35.580326439682146],[-93.09059969600102,35.58031717779105],[-93.09053781982557,35.58033530431344],[-93.09049991392929,35.58035906980791],[-93.09047230183255,35.580358769545256],[-93.09047106305783,35.580357431513946],[-93.09033023466127,35.58036693059417],[-93.0901994731594,35.58037633812325],[-93.09004846701936,35.58037770432776],[-93.08995763876513,35.580362076095064],[-93.08988572083145,35.5802557991029],[-93.08975373383704,35.58017474198122],[-93.08966268334792,35.580142664756494],[-93.08959009738167,35.57998704307922],[-93.08950755552952,35.57983973842137],[-93.08932478822749,35.57972623811531],[-93.08910309073599,35.5797117917378],[-93.08899424621818,35.579852601926966],[-93.08906627436316,35.579967102492866],[-93.08920899560098,35.58009741537745],[-93.08932073633345,35.580170430891336],[-93.08941278838239,35.58027652558152],[-93.08951490760427,35.5803825288697],[-93.0895465573862,35.58048916871332],[-93.08955851834008,35.58062888784958],[-93.08956052305639,35.58077692224882],[-93.089551682583,35.580867477743226],[-93.0894523464458,35.58096707732467],[-93.0893936145888,35.581090985149686],[-93.08922325101678,35.58115010048931],[-93.08909326708726,35.58121707615121],[-93.08898430988059,35.58134966236612],[-93.08896584529414,35.58147320572819],[-93.08886661941585,35.58158102784947],[-93.0887165003142,35.58164818565194],[-93.08859625045095,35.58169039771137],[-93.08843550647164,35.5817165240492],[-93.0882239824144,35.58171020875936],[-93.08800605139037,35.58169600647327],[-93.08800227854495,35.58169576127205],[-93.08787612532177,35.58171462670891],[-93.08771143894678,35.58178063705186],[-93.08746976258517,35.58191823692767],[-93.08738274596283,35.58195696760347],[-93.08727125667517,35.58199023656712],[-93.08704048567729,35.582049893856855],[-93.08675937748187,35.582110004412826],[-93.08655683171668,35.58218187143497],[-93.08644690827066,35.58224415924427],[-93.08633943675123,35.582327643153114],[-93.08612512672823,35.582493704062756],[-93.08600719649039,35.582624657466575],[-93.08590123912326,35.58271609612078],[-93.08578379376686,35.58275072133709],[-93.08569271121233,35.58275300149468],[-93.08556729219254,35.58272640244733],[-93.08549701522188,35.58268179234332],[-93.08542763205719,35.58265663661713],[-93.08533247497172,35.5826686798269],[-93.08524708365324,35.582707613384585],[-93.08500535444529,35.58270156446774],[-93.08478320534637,35.58265421352087],[-93.08458692556053,35.58262722957613],[-93.08427391233154,35.58259411276156],[-93.08421032932944,35.582577966143745],[-93.08345578250852,35.582462094213604],[-93.08310230559431,35.582416959832074],[-93.08289749882375,35.58233908498122],[-93.08277399030358,35.58231946053617],[-93.082490576916,35.58231955293515],[-93.08230954957584,35.58240514114941],[-93.08223553565509,35.58245922887454],[-93.08215983776097,35.58248998101453],[-93.08203019996829,35.58248432665286],[-93.0819148520744,35.58248482436573],[-93.08186187669476,35.582483898286625],[-93.08167590962822,35.582467891090126],[-93.0815702407472,35.582474046123906],[-93.08151461219525,35.58247552460358],[-93.08141263693624,35.582484354922755],[-93.08136707113306,35.582496624782074],[-93.08128753478411,35.58252047768238],[-93.08125739161117,35.582542556143736],[-93.08115808845511,35.58258643095299],[-93.08110774159519,35.58259808990468],[-93.08090095398941,35.58266401376573],[-93.08084022386852,35.582698554612286],[-93.08048385527835,35.58270830917504],[-93.08042862724942,35.58270983106733],[-93.08039003136669,35.58271547684212],[-93.08017180941059,35.582772862073504],[-93.07990358044755,35.58282688983858],[-93.07977162532094,35.582821065974635],[-93.07969341142582,35.58281357084168],[-93.07941791010724,35.58283480997063],[-93.07925029583458,35.58282542944678],[-93.07919902535802,35.582834387745585],[-93.07911249093989,35.58285222975566],[-93.07902131574976,35.58288636498286],[-93.07893481300724,35.58291296283553],[-93.07878725658955,35.582964974077036],[-93.0786103118079,35.583037770368826],[-93.07855772621024,35.58305316167316],[-93.07850418407354,35.58305882379715],[-93.078360323914,35.583064709649015],[-93.07829527606002,35.583090648407996],[-93.07827139047721,35.583106249061075],[-93.0781701448155,35.5831673948081],[-93.07816150202657,35.583279478174454],[-93.07818029863456,35.583308566962145],[-93.07823000545751,35.58334723202438],[-93.0782693312091,35.58338111059888],[-93.07830846424304,35.58341767532152],[-93.07837603909954,35.58349279262025],[-93.07845185940882,35.583545491126756],[-93.07849041475235,35.5835837188205],[-93.07858330543218,35.58367532704732],[-93.0786298882697,35.58371322666864],[-93.0786798089704,35.583742129164115],[-93.07870675595784,35.58375867681153],[-93.07873303324247,35.58377663057338],[-93.07876956694155,35.58380042306881],[-93.07881567913098,35.58383094827366],[-93.07885620941539,35.58385227750772],[-93.07893407638807,35.58389559353061],[-93.07898132293585,35.58392118135751],[-93.07901979118945,35.58394222606213],[-93.07913163602072,35.58398925433969],[-93.07922185980856,35.58407161642599],[-93.07920762825105,35.58436575524006],[-93.07915181348427,35.58446203384546],[-93.07913635283987,35.584487785395524],[-93.07910436834247,35.58455587786788],[-93.07908793569639,35.58457311660634],[-93.07904197914544,35.584613898029104],[-93.07901914693672,35.584631310465866],[-93.07893707652848,35.584677364963284],[-93.07889707117043,35.5846931340819],[-93.07880026189157,35.584752746426],[-93.07877081577716,35.58477357951633],[-93.07873891259592,35.58479663137831],[-93.07870260166156,35.58481708302694],[-93.07860499155373,35.58486171200512],[-93.07848694155577,35.58490187748966],[-93.0784424966142,35.58490409564432],[-93.07832005182837,35.58490862313961],[-93.0782911222013,35.584912547910456],[-93.0782575457269,35.58491315128317],[-93.07822366875746,35.58491688629524],[-93.07817995483705,35.58491604004924],[-93.0781326356772,35.584914898577686],[-93.07808309657551,35.58491237628598],[-93.07802772600678,35.58491193606764],[-93.07794659472974,35.584910840751064],[-93.07790471695449,35.58491056126156],[-93.07784956051692,35.58490897571898],[-93.07779795381042,35.5849142007781],[-93.07768470853783,35.584920535823194],[-93.07762922905378,35.58492047148286],[-93.07751220616123,35.58489655641322],[-93.07747890603812,35.58489643445936],[-93.07742231822725,35.58490539181148],[-93.07738216164226,35.584905516780346],[-93.07734362036531,35.58491531818077],[-93.07730271976563,35.58491538048463],[-93.07716867318094,35.58492005581039],[-93.07711292799449,35.58492146470956],[-93.0770065997236,35.58493205682343],[-93.076967619041,35.58493028021065],[-93.07692017358396,35.5849240259503],[-93.07686063163675,35.58491299970308],[-93.07681484843626,35.58491130762584],[-93.07674345421614,35.584894620157655],[-93.07658917410299,35.58487600981202],[-93.07655240676506,35.58487099110433],[-93.0765132987165,35.58486407858884],[-93.07648083348134,35.584864392231076],[-93.07644244143587,35.58486174587784],[-93.07636918764048,35.58486849342504],[-93.07610619778106,35.58485970360759],[-93.07602380964447,35.58486940422778],[-93.07598708648517,35.5848783943601],[-93.07594539430896,35.58488761573128],[-93.07588178901106,35.58492754959113],[-93.07584053211404,35.584950099843056],[-93.07571038381079,35.58498980947364],[-93.07567248126425,35.58500887355939],[-93.07563999136286,35.58501588810324],[-93.07561131124092,35.5850235692778],[-93.07557762929821,35.585037692312305],[-93.07554891678754,35.58505791102858],[-93.07541833525792,35.58508443298416],[-93.07529978316403,35.5851491865437],[-93.07521786953203,35.58519222507189],[-93.07517903557608,35.585205811117255],[-93.07512375636841,35.5852206634085],[-93.07508638691854,35.58523049942278],[-93.0750524800466,35.58524270913481],[-93.07501947430613,35.585251852643786],[-93.07497178945151,35.585268272627594],[-93.07492601280262,35.58528208291365],[-93.0748888491362,35.58529011903202],[-93.0748494739206,35.58529745141675],[-93.07480152688261,35.58530500009608],[-93.07470649955341,35.585333492773216],[-93.0746724652211,35.585351190841244],[-93.07455076361043,35.58539633458092],[-93.07451371072762,35.58540847936434],[-93.07442683557255,35.58543318613446],[-93.07437365940345,35.585455864965624],[-93.07435371892623,35.58546725076467],[-93.07431006256493,35.58548358685206],[-93.07421543010715,35.58551816868686],[-93.0741320810959,35.585533014359505],[-93.07402545647213,35.58557071503685],[-93.07399918331483,35.58558313796456],[-93.07393547820621,35.585604998951354],[-93.07385224085995,35.58563462251375],[-93.07382996665221,35.58563617618874],[-93.0737464453202,35.58564025772343],[-93.07366511231163,35.585649831656596],[-93.0736146291472,35.585655744906724],[-93.0735783538663,35.58565548393564],[-93.0734993369112,35.58566300507436],[-93.0734294115088,35.585674952265286],[-93.07332415159291,35.585718523979786],[-93.0732645687381,35.58573661227765],[-93.07321707092366,35.58575429016525],[-93.07319296558029,35.58576202298581],[-93.07312673053073,35.58577209231433],[-93.0730861128812,35.585782773629035],[-93.07297423560361,35.58584239943856],[-93.072948132611,35.58585043006449],[-93.07284352919332,35.58587475600284],[-93.07281799739233,35.58588705469761],[-93.07279237262173,35.5858966457684],[-93.07276828624963,35.585905919423546],[-93.0726378259085,35.58594817400184],[-93.07261239557269,35.5859616627785],[-93.07253159860299,35.58599210446498],[-93.07250348757617,35.58599753762854],[-93.07238292313164,35.58603804578034],[-93.0723587675182,35.586037934953566],[-93.07228479947054,35.58604246778159],[-93.07225594876108,35.58605024293307],[-93.0722307344315,35.586058546072685],[-93.07217261067734,35.586083205130286],[-93.07208212167248,35.586164937640866],[-93.07200540456982,35.586212107672665],[-93.0719801815253,35.58622185882526],[-93.07190897344526,35.58623206480065],[-93.0718863106328,35.58623871090436],[-93.07181121591425,35.58625742626927],[-93.07174071179243,35.586271104906814],[-93.0716902946955,35.58627991162876],[-93.07166959048281,35.58628338900737],[-93.0716097327195,35.58630229625522],[-93.07155857083305,35.58632385819779],[-93.07153435665802,35.58632998039216],[-93.07145494934171,35.5863662299037],[-93.07142935150314,35.58637791521628],[-93.07139360044613,35.58638911242992],[-93.07112629440114,35.586438653287985],[-93.07109422347493,35.58645997474534],[-93.07097315465401,35.58646712049145],[-93.07081463142825,35.586484172085264],[-93.07079418481953,35.58649198883484],[-93.07073471699165,35.58651665970871],[-93.07068580791405,35.58653355568908],[-93.07063600219712,35.58654756326764],[-93.07050321487323,35.58655684421954],[-93.0703620546879,35.58653404717158],[-93.07025380553029,35.58649725239939],[-93.07015469682416,35.58645764445161],[-93.07011186444542,35.58644581259075],[-93.0700570431034,35.58643079491779],[-93.06996539372311,35.58641489063468],[-93.06992593913866,35.58641841646575],[-93.06988230210474,35.58642559731946],[-93.06981306155741,35.586461119430794],[-93.06975269426985,35.5864977282736],[-93.06972649338819,35.586522057502634],[-93.06969924140908,35.586551182342966],[-93.06967381774813,35.58658463316969],[-93.06962270368071,35.58665714236237],[-93.06960894929034,35.58668026246713],[-93.06958680703283,35.58670462448575],[-93.06921284205283,35.58694243530012],[-93.06920427840714,35.58697545707295],[-93.06921011745999,35.5869932911897],[-93.0692582612025,35.587071387557586],[-93.06926542079567,35.587096050058314],[-93.06925392825119,35.58714516898568],[-93.06920158546497,35.5873684221238],[-93.069094324045,35.58780364285033],[-93.0691764088155,35.588362032074436],[-93.06918105338337,35.588403972653296],[-93.06920086928474,35.58843468791881],[-93.06922782308858,35.58847113000835],[-93.06927562360735,35.58854056704054],[-93.069494191264,35.5886836729127],[-93.06963997084115,35.58884498342391],[-93.06978480727136,35.5891093887601],[-93.06981343609061,35.589147100177925],[-93.07022066806145,35.58950334236184],[-93.07042619201307,35.589664752324744],[-93.07048747999889,35.58968003924062],[-93.07060243569238,35.589689946076646],[-93.07075540681286,35.58969981967249],[-93.07084781476316,35.589710300338794],[-93.07091104806197,35.58971707065616],[-93.07115178195582,35.58981563757613],[-93.0712119963305,35.58983611649208],[-93.0712789921041,35.58986578194722],[-93.07142569849384,35.58993317232714],[-93.07148114617327,35.58996062824184],[-93.0716008221327,35.59000736036534],[-93.0716507737761,35.59003846125489],[-93.0716925556114,35.59007425829936],[-93.07173773722224,35.590127231654904],[-93.07176748853148,35.590154706335056],[-93.0718694609808,35.590262817236585],[-93.0719144261844,35.59033153086063],[-93.07193891103687,35.59035643711696],[-93.07191291456904,35.590484107270846],[-93.07194805923078,35.59068027760067],[-93.07215605447911,35.59090430760961],[-93.07230313884493,35.590991376222085],[-93.07234297693185,35.59101420748869],[-93.07239788856117,35.59100785931964],[-93.07245967015722,35.59100219586068],[-93.0725129426162,35.59099716955045],[-93.07257062712915,35.590990818732756],[-93.07263160015005,35.59098457951445],[-93.07268918600347,35.590981453020696],[-93.07274024849194,35.59097154186988],[-93.07278088992035,35.5909732115465],[-93.0728105673453,35.59099515254778],[-93.072867162095,35.590988556094494],[-93.07295806762798,35.59097392403175],[-93.07302491361425,35.59094507744945],[-93.07306647806193,35.59092387957714],[-93.07312025792643,35.5908991190514],[-93.07316759156296,35.59087962087182],[-93.07324363138858,35.59085431119208],[-93.07329623017853,35.59083093805197],[-93.07336326344465,35.590786212106536],[-93.07342157543464,35.59075403166615],[-93.07347067807497,35.590725715898614],[-93.07347841852774,35.590721070357276],[-93.07350411616902,35.5907038673243],[-93.0735235817548,35.59069309328724],[-93.07355142646867,35.59067839193101],[-93.07357968312364,35.590660301894104],[-93.07360468844409,35.590640513313154],[-93.07365776704039,35.590614589838786],[-93.07372777233533,35.59059122480552],[-93.07386070796484,35.59056470686413],[-93.07389833178063,35.59056094012672],[-93.07390765939242,35.59055733139053],[-93.0746856030047,35.59043666923019],[-93.07473189113598,35.59043315113037],[-93.07478290077299,35.59042996459766],[-93.07483040030493,35.590429331007215],[-93.07487988704227,35.59042779270425],[-93.07493489764555,35.59042879722304],[-93.07499256753125,35.590429894736],[-93.07504693880502,35.59043660077159],[-93.07512807927296,35.59044869642835],[-93.07517053994054,35.590462491437066],[-93.07521498500387,35.59047708496121],[-93.07526886150754,35.59049173479365],[-93.07531673538065,35.590504172984616],[-93.07536703756507,35.59051640406058],[-93.07540984212356,35.59052603852956],[-93.07545292535441,35.59053501820671],[-93.07549387096152,35.5905445762671],[-93.07553607560298,35.590547747997725],[-93.07558632635403,35.590549821860954],[-93.07563563369007,35.59054760801996],[-93.07569241512384,35.59054642456614],[-93.07574896581356,35.590555750029736],[-93.07580954230383,35.5905732825113],[-93.07585679419884,35.59058621588776],[-93.07593864030157,35.590614672001415],[-93.0762318668091,35.59069412835418],[-93.07651280488103,35.590786652278325],[-93.07655022655153,35.590795517941345],[-93.07659376633481,35.59081301486266],[-93.07662862598221,35.59083117188926],[-93.07667588202385,35.59085510333889],[-93.07668298497495,35.590860457360485],[-93.07670937143793,35.5908798108415],[-93.07682289759173,35.59093446273009],[-93.07704581724971,35.59127509672782],[-93.07708615069949,35.59131566708638],[-93.07715093010562,35.5913972308913],[-93.07719666632232,35.591463413792454],[-93.07723827520526,35.59151807616057],[-93.07744422329152,35.591641433867174],[-93.07748230559754,35.591667502405244],[-93.07754690378201,35.5917355710282],[-93.07757400973905,35.59177018888437],[-93.0776098131128,35.59179903234109],[-93.07782300935891,35.591972479812156],[-93.07785984166637,35.5919864388996],[-93.07805250076554,35.59211619687819],[-93.07873500957729,35.59205529423738],[-93.07874728002525,35.59205838250631],[-93.07875919731175,35.59205140852803],[-93.07890437102279,35.59194473156801],[-93.07898437100279,35.59183762739699],[-93.07907087124967,35.591775177009985],[-93.07909317128107,35.59176570671512],[-93.07911848179317,35.5917575770052],[-93.07922493152678,35.591655236785826],[-93.07925000178336,35.591584827143265],[-93.07935133145158,35.59153403693053],[-93.07940330196826,35.591434706967746],[-93.07942811118204,35.59140645617391],[-93.07950003054785,35.59129472697455],[-93.07961872184998,35.591151906605184],[-93.07966197124628,35.59103363669478],[-93.07971813063068,35.59091578651494],[-93.07978443152187,35.590762817313625],[-93.07981670148781,35.59066792642831],[-93.0798639715016,35.59056835682058],[-93.07986523096919,35.5904293864758],[-93.07983824186942,35.590325106216405],[-93.0798130918311,35.59022746723017],[-93.07977018065291,35.590081786242045],[-93.07972617153779,35.59003098721392],[-93.07972542163164,35.590021686227544],[-93.07972730977228,35.58990644974478],[-93.07973762113176,35.589800979834735],[-93.07975956136596,35.589521748611986],[-93.07977169392255,35.589489667777364],[-93.08007076648909,35.589340051541406],[-93.08047252364545,35.58920455450516],[-93.0808749012977,35.58905078455293],[-93.08097072929671,35.58905228458787],[-93.08106408938782,35.58901791832862],[-93.08111073883973,35.58899833994311],[-93.08118663819299,35.58897370969833],[-93.08125094153345,35.58895876379618],[-93.08133831006458,35.5889148699567],[-93.08136711099147,35.58887629299862],[-93.08143070106567,35.58883837869491],[-93.08241797962427,35.58846107145985],[-93.08252630851857,35.58844172353506],[-93.08257504754091,35.5884271365223],[-93.08276914307659,35.588387614543464],[-93.08281762583181,35.58839222296608],[-93.08294000140613,35.58841202123799],[-93.0830487876383,35.58846481764252],[-93.0831571484208,35.588464708667296],[-93.08322203398933,35.58845420286917],[-93.08343955479513,35.58844769490504],[-93.08348538804745,35.58843385791043],[-93.08371422500528,35.58843135849],[-93.08421491130999,35.588398442781624],[-93.08469283179679,35.58836026630408],[-93.08474481805699,35.58833855034384],[-93.08479022397465,35.58832693483412],[-93.08497951385804,35.58826191023432],[-93.0850406521923,35.58824681396427],[-93.08521429607016,35.58823182481792],[-93.08536300258945,35.58816935834766],[-93.08544983631575,35.58817565439603],[-93.08549882241878,35.58817920374075],[-93.08555704077679,35.58816600095451],[-93.08569403235019,35.58815047900338],[-93.0859292129972,35.588099211106154],[-93.08620543010268,35.58814253590901],[-93.08650913650713,35.58815133487251],[-93.086741563909,35.58806137730101],[-93.08687209829809,35.587965684293216],[-93.0873173948872,35.58802219120853],[-93.08763845340515,35.58788744371653],[-93.08787877150245,35.58775340074903],[-93.0883638957634,35.58781496280144],[-93.08876652531083,35.58774539000346],[-93.0892498646879,35.58767508799676],[-93.08973320211302,35.58760478495473],[-93.09037885255964,35.58759894941922],[-93.09078416184354,35.5877271596817],[-93.09158762583208,35.58745616227502],[-93.09165712388665,35.58744605147094],[-93.09168519291988,35.58742384216678],[-93.09187198598264,35.58733948704616],[-93.09202390988322,35.58731461437573],[-93.09216464486823,35.58731333920015],[-93.09229599751721,35.587312149489115],[-93.09245518594007,35.58728771162208],[-93.09252044615907,35.587256460633725],[-93.0925767401093,35.58725595035138],[-93.0926799456823,35.587255014464866],[-93.09276714169638,35.587254224257904],[-93.092807277147,35.58726062036664],[-93.09283056030284,35.587242793824636],[-93.09292326231581,35.5872068184411],[-93.09305346971742,35.58712132392903],[-93.09309705972494,35.58703874995027],[-93.09312665312245,35.58698269005404],[-93.0931809679177,35.58683656352977],[-93.09325488085275,35.586751577556925],[-93.09337622514099,35.58670448838476],[-93.09355553091055,35.586779511413155],[-93.0936773965402,35.58677074012283],[-93.09379148164408,35.58679625032622],[-93.09380916484756,35.586800204754226],[-93.09394072659524,35.586814340343814],[-93.09416611001684,35.58682762439865],[-93.09427785627665,35.58679183596443],[-93.09443704942129,35.58674084981241],[-93.09471789246672,35.586692310586194],[-93.09489615644179,35.58669069165339],[-93.09505513265776,35.58665092145979],[-93.09529886316756,35.58663337662593],[-93.09534884364814,35.5866344344144],[-93.09555228791567,35.58663873920944],[-93.09559879557746,35.58663029889483],[-93.09564567292465,35.58662179154637],[-93.09566931465059,35.5866175007362],[-93.09573013444923,35.58660646215831],[-93.09584313984108,35.586636095453585],[-93.0959668595268,35.586694039333295],[-93.0960036821329,35.586711285744336],[-93.09621947514593,35.58670932298373],[-93.09627841551196,35.5866912058245],[-93.09639696372203,35.58665476711133],[-93.09644845315144,35.58661534067279],[-93.09655410259265,35.586476329785725],[-93.0966659581632,35.586421657464015],[-93.09681112778229,35.58634067951139],[-93.09683358389842,35.586328152794465],[-93.09706625848335,35.586188065547965],[-93.09711707331554,35.58612158877198],[-93.09721376001093,35.585995098606816],[-93.09742536831487,35.585686573886605],[-93.09749781115715,35.585494290272734],[-93.09759798081573,35.58527109341085],[-93.09781126029408,35.585085191912434],[-93.0980618562132,35.584883619544186],[-93.0982945233765,35.58474352990399],[-93.09833079552698,35.58465122027798],[-93.09841282697501,35.58447417797899],[-93.09846689640398,35.5843433169723],[-93.09847545399182,35.584250477218475],[-93.09847441857573,35.58417468300413],[-93.09840717483398,35.584060320397256],[-93.0983210631294,35.58393846594901],[-93.09831917924822,35.583800514012076],[-93.09826152651661,35.583701395016256],[-93.09818479730642,35.58357945436981],[-93.09818301904991,35.58344916551706],[-93.09815236198591,35.58326548603308],[-93.09809502375738,35.58318935894051],[-93.09801766640581,35.5830214341903],[-93.09791153734866,35.58280778088796],[-93.09789057678147,35.582647007246685],[-93.09780519927261,35.58257880128995],[-93.09767280774896,35.58250335700547],[-93.09754948447508,35.58240483454055],[-93.09742616260812,35.582306312848104],[-93.09731358060348,35.582307337907075],[-93.09703244194259,35.58233289209157],[-93.09685429293073,35.58234217907083],[-93.09673222498168,35.58233562466708],[-93.09655386658014,35.58232958230081],[-93.09641313929278,35.58233086258954],[-93.09631994863797,35.58237770062739],[-93.09607560458417,35.58234926261208],[-93.09585002419327,35.58232065409719],[-93.09568115277429,35.582322188535166],[-93.0956160029233,35.5823611061546],[-93.09553292390211,35.58246150660756],[-93.09544963553451,35.58254657719671],[-93.09529087562538,35.582601675927855],[-93.09516901538613,35.58261044794476],[-93.09502860171897,35.582634718620845],[-93.09494416567206,35.58263548574531],[-93.09482126356639,35.582567617393956],[-93.09474537335196,35.58250698744318],[-93.09470638662144,35.58240003107599],[-93.09472369045763,35.582292565217266],[-93.0947872758712,35.58213868804577],[-93.09487932025577,35.582007547164],[-93.09500951606475,35.58192204958034],[-93.09519631701998,35.58185903236006],[-93.0953464240931,35.581857668530965],[-93.09549632312057,35.581840976510485],[-93.09558961766423,35.58180180310765],[-93.095710745038,35.58173938265406],[-93.09596311043592,35.58166810348144],[-93.09614991005031,35.58160508388111],[-93.096242682445,35.581527590865],[-93.09640185710887,35.58150314778262],[-93.09657051854863,35.58148628433427],[-93.09675836086791,35.5814999047066],[-93.0969744523596,35.581520932618744],[-93.09711580547,35.58156563568093],[-93.09718231381221,35.58162635015653],[-93.09720243592228,35.58172581194856],[-93.09731606235924,35.58180142789863],[-93.09746648411203,35.581823052527454],[-93.09759761815823,35.58180652815075],[-93.09771884820776,35.58175176968197],[-93.09773677548641,35.58169028648357],[-93.09772509187925,35.58152176273176],[-93.09768568255257,35.58138415311902],[-93.09759925994729,35.581239305192355],[-93.0975038751023,35.58112519923571],[-93.09733322831195,35.58099644887048],[-93.09718207667717,35.58092117515825],[-93.09704083103549,35.58088413526573],[-93.09683401756243,35.58085535838776],[-93.09659822322537,35.58076552342127],[-93.09639130500658,35.58072908178075],[-93.09624911883954,35.58062306493589],[-93.09617375311322,35.580600755876524],[-93.09605053976854,35.58050989584179],[-93.09597506903577,35.580479922654966],[-93.09588073125094,35.58044245632961],[-93.09578681194121,35.58043564414006],[-93.09567412849634,35.58042900456193],[-93.09559865908297,35.580399031137794],[-93.0954952521021,35.58038464060272],[-93.09537318833512,35.5803780848149],[-93.09534072896288,35.58034822506326],[-93.09533262824928,35.58034313350007],[-93.095306174468,35.58032650712089],[-93.09528790637077,35.58032520514356],[-93.09519420823119,35.580326057305484],[-93.09509069854036,35.580304002417506],[-93.09501575042287,35.580312347747984],[-93.09497916340227,35.580381665334535],[-93.0949804154422,35.580473634287635],[-93.09496353041155,35.5806117562303],[-93.09488983393474,35.580712070432284],[-93.094768812521,35.580782154975324],[-93.0946943847392,35.58082882102841],[-93.09463861719397,35.58086765231358],[-93.09457315401322,35.58088357646482],[-93.09450737903444,35.58087650946876],[-93.09445056776,35.580838699723756],[-93.09440272134836,35.5807701490443],[-93.09440167889622,35.5806935089992],[-93.09431620140656,35.58061763563555],[-93.09413722144825,35.58056560565689],[-93.09392134209304,35.58055990066008],[-93.0937611244861,35.580507699515124],[-93.09368648978429,35.58053903693635],[-93.0936022635973,35.58055513112919],[-93.09352721125887,35.5805558115286],[-93.0934427773773,35.58055657759827],[-93.09333019776211,35.580557598933424],[-93.09324524265203,35.58052004573761],[-93.09311348484384,35.580490581344705],[-93.09298172602608,35.58046111500503],[-93.09283203767328,35.5804931328133],[-93.09271018145762,35.58050190234217],[-93.0926068808067,35.58049517423569],[-93.09252244587483,35.58049593966152],[-93.09243811577156,35.58050436903437],[-93.0923447163684,35.58053587509862],[-93.09223192935184,35.58052156739377],[-93.09214687219462,35.58047634851297],[-93.09207088227706,35.580408052843794],[-93.09197602687117,35.58033226252032],[-93.0918533381263,35.58027971822178],[-93.09174023947328,35.580242418934176],[-93.09159899641155,35.580205372656145],[-93.09151425085817,35.58018314535051],[-93.09151019447543,35.580183921150294]]}},{"type":"Feature","properties":{"name":"HIGH MTN LOOP B","id":"2309","atv":"open","motorcycle":null,"fourwd_gt50":null,"other_wheeled_ohv":null,"seasonal":"yearlong","trail_class":"TC4 - HIGHLY DEVELOPED"},"geometry":{"type":"LineString","coordinates":[[-93.10919471276982,35.57289756917915],[-93.10914033491213,35.57305348086529],[-93.10912223537521,35.57310461946715],[-93.10910866757321,35.573167367321936],[-93.10909695482637,35.5732194504861],[-93.10906682919513,35.57334560349454],[-93.10904558782666,35.57340510600108],[-93.10901995167012,35.57349628682689],[-93.10899467362006,35.57355531238974],[-93.10896505025124,35.57362878463439],[-93.10894107199864,35.573690926943684],[-93.10891250373373,35.57378080479125],[-93.10889048709605,35.573912673241736],[-93.10883005646251,35.57404634362052],[-93.10881843218752,35.57410694824068],[-93.10881261235089,35.57417195943283],[-93.10886292843443,35.57435569896202],[-93.10892170551912,35.57442957280936],[-93.10894845103986,35.57449148262721],[-93.10895663399877,35.574548146239614],[-93.10894740141866,35.57462266759964],[-93.10894471209713,35.574765497160286],[-93.10896635546452,35.5748158956062],[-93.1089949868545,35.574910897256146],[-93.10903388035824,35.574964616224975],[-93.10907490261606,35.57500269580131],[-93.10911483788698,35.57504489331734],[-93.1091304297275,35.575062440794525],[-93.10915405622926,35.57508901290198],[-93.10921715037578,35.57515467399303],[-93.10924444967806,35.57519654479072],[-93.10926043586544,35.57523462174159],[-93.10931970402794,35.575453932350904],[-93.10935423810176,35.575547899760295],[-93.10935732772066,35.575631087515404],[-93.10936110283284,35.57568512946032],[-93.10937073852467,35.57583671824806],[-93.10938117948992,35.57589543825466],[-93.10943847980917,35.57598025298341],[-93.10957664752077,35.57607872915562],[-93.10975043510594,35.57620062486095],[-93.11011786478811,35.576458263068055],[-93.1102223125803,35.57654859756539],[-93.11030433109637,35.576620668682146],[-93.11038915986366,35.57668722713881],[-93.11043349191412,35.576728940496594],[-93.11048030378765,35.57678258590555],[-93.11051521373653,35.57683543071601],[-93.11064620774985,35.57695848960559],[-93.1107114340624,35.577079048062366],[-93.11076083230677,35.577204095050455],[-93.11070537388383,35.57740797830848],[-93.11064438849749,35.57759460978431],[-93.11057247171307,35.57775537818964],[-93.11052459238942,35.577831400266504],[-93.11050004909032,35.577881546807916],[-93.11046892908224,35.57792941907938],[-93.11041179552787,35.57801215792118],[-93.11032897221918,35.57811166493065],[-93.11024019904974,35.57815906332696],[-93.1101851475641,35.578173159679444],[-93.11012394054495,35.57818224571006],[-93.11004346164036,35.57818866056167],[-93.1099639866205,35.578185048914825],[-93.10988995062763,35.578194392681375],[-93.1098108057621,35.57821676639972],[-93.10966527652883,35.57824999962851],[-93.10958554118348,35.57828136867051],[-93.10953197759824,35.57830380911303],[-93.1094830053195,35.578317312641744],[-93.10937332642064,35.57835336850084],[-93.10923068940565,35.578399511216084],[-93.10904599804124,35.578448795317414],[-93.10889305384721,35.578497810620206],[-93.10875561053507,35.57851637720105],[-93.10867111848694,35.57853447843363],[-93.10860774278875,35.57854804327988],[-93.10855526640098,35.578583129856426],[-93.10850276350799,35.578618238073595],[-93.10845015206297,35.578653909901256],[-93.10841162147955,35.578680531731095],[-93.10836615700309,35.578714199021206],[-93.10833157732786,35.57874143851531],[-93.10820618845018,35.57878655736315],[-93.10806011396252,35.5787824127393],[-93.1079324680685,35.578744638554234],[-93.10784720152957,35.57870647558078],[-93.10773039622072,35.57868590412123],[-93.10764545815955,35.57867370213211],[-93.10757174727664,35.578704686666455],[-93.10749806635778,35.57873996662464],[-93.1073611588265,35.57879749535919],[-93.10726654074514,35.578850293187216],[-93.1071609647409,35.57887720327995],[-93.10710239338778,35.57889940905572],[-93.10709496891775,35.578914421033765],[-93.10709516807246,35.578933028359586],[-93.107104259586,35.57895400635679],[-93.10712538802485,35.57898573042887],[-93.10717329347486,35.57900261556131],[-93.10724762975677,35.579014891332825],[-93.10734866531651,35.57904424862585],[-93.1074129949292,35.57909990653007],[-93.10745653738445,35.579186061653616],[-93.10749470221184,35.579263603515365],[-93.10744338787356,35.57938523504436],[-93.10745192133221,35.579521282109724],[-93.10745826158036,35.579585316664236],[-93.10747510295411,35.57963562043555],[-93.10748899403524,35.579670983669594],[-93.10765754894405,35.57990243743039],[-93.10768280200824,35.57993879403682],[-93.10775728840878,35.58005749375774],[-93.10777337722524,35.58007805699426],[-93.10778069552602,35.58012798151987],[-93.10778423092955,35.58016684789721],[-93.10779702406505,35.580221998038716],[-93.10783714119582,35.58028973882226],[-93.10787992797725,35.58033749197219],[-93.1079633335495,35.580402244642656],[-93.10807177975137,35.58045906006085],[-93.10810135474894,35.58048346935099],[-93.10815413655408,35.58051193691068],[-93.10820394108146,35.58053177014637],[-93.10824639870604,35.5805536540158],[-93.10829653069247,35.580576473207245],[-93.10835317237652,35.58059267106841],[-93.10836901934375,35.580599833111464],[-93.10849159929758,35.5806222886191],[-93.10860066900065,35.5806392885261],[-93.10869407455793,35.58066843425592],[-93.10878975907956,35.58069083346153],[-93.10887125662774,35.580716678013864],[-93.10891926810918,35.58076193208829],[-93.10891481171775,35.58084297073915],[-93.10885250870267,35.580934418974486],[-93.10880597364412,35.5810170599852],[-93.10874871855651,35.58109115933364],[-93.1087063319614,35.581145018374684],[-93.10866972516514,35.58120349498535],[-93.10864392308663,35.58124342558216],[-93.10860475005195,35.581304376828584],[-93.10860397008827,35.58139294819739],[-93.10865937556936,35.58152468895446],[-93.10874619711207,35.58167535687828],[-93.10884318414001,35.581800527519526],[-93.10888766069709,35.58189613060561],[-93.10892282745269,35.58196739554769],[-93.10902993491179,35.58213622953788],[-93.10904932341938,35.582217750630754],[-93.10910057753252,35.5822971339065],[-93.10915023961034,35.58235416202017],[-93.10918567966303,35.582432920302],[-93.10922382118392,35.582510439051326],[-93.10927380963095,35.58258086723926],[-93.1093032950136,35.58263189501744],[-93.10937494797814,35.58272094346491],[-93.10947301550223,35.582799802603276],[-93.1095911107793,35.58289482097851],[-93.10975383809236,35.58302807212968],[-93.10982507614172,35.58308908186241],[-93.10996957598321,35.5831959289795],[-93.11012240622635,35.58326242187984],[-93.11016942015189,35.58329736319766],[-93.11032808446085,35.58336812165097],[-93.11039626490656,35.58340835516325],[-93.11046048008978,35.58345537272838],[-93.11055433849965,35.58348187382904],[-93.11062911019646,35.58350880803942],[-93.11075278475032,35.58353776568016],[-93.11082499401654,35.58354896100182],[-93.11092741838912,35.58353342501526],[-93.11103878228288,35.58352361975127],[-93.11118629781319,35.58346598963484],[-93.1113074108801,35.58341294430047],[-93.11139000548208,35.583362823353525],[-93.11147712194094,35.58325923714142],[-93.11150640955357,35.5832213512918],[-93.11153571511686,35.58317653077678],[-93.11157728272511,35.58312963591397],[-93.1116190599029,35.583093807776564],[-93.11167305365134,35.583042244316],[-93.11171338322664,35.58299891029292],[-93.11175928617413,35.582978219803394],[-93.11181043138636,35.5829460174909],[-93.11186033985133,35.58292774149047],[-93.11190708334132,35.58289959436509],[-93.11195131439294,35.582869673291285],[-93.1119900882806,35.582831700067],[-93.11202196771892,35.582791082366825],[-93.11211792110853,35.58269427874865],[-93.11217305135183,35.58257401226816],[-93.11219931885915,35.58251420617439],[-93.11222735025271,35.58245370595966],[-93.1122536213711,35.58240445374211],[-93.1122956061969,35.58234233195963],[-93.1123284320502,35.58229995325964],[-93.11234937302893,35.58226410641043],[-93.11236348641214,35.582224445602215],[-93.1124265488289,35.58209093708369],[-93.11248528397684,35.58194215038579],[-93.11251741674154,35.58182898500204],[-93.11255345585622,35.58174207311008],[-93.1126259305046,35.5816670840402],[-93.11277256742542,35.58156070561126],[-93.11281017803222,35.58151090526884],[-93.11284924840176,35.58145922359303],[-93.11281934578984,35.58137406393989],[-93.11278974965533,35.58128624049669],[-93.1128089913066,35.581222692644],[-93.1128293152373,35.58118164462391],[-93.11286095464132,35.58114849984928],[-93.11296201750602,35.58112162597079],[-93.11305038856102,35.58102645618253],[-93.11307080776729,35.5809881391502],[-93.11308787947979,35.5809577670495],[-93.11315569673562,35.58079834364667],[-93.11320234606309,35.58075938613302],[-93.1132684792839,35.58071172733719],[-93.11333166627769,35.58063486119369],[-93.11336945305142,35.58058139256334],[-93.11346727568153,35.58038241841797],[-93.11350069475715,35.58032107517621],[-93.11352595448892,35.58022567049617],[-93.11353773578392,35.58018280904822],[-93.11354956685116,35.580145504464625],[-93.11357439595803,35.580089143733844],[-93.11361506148897,35.580033034060875],[-93.11364778473639,35.57996683961383],[-93.11370920734446,35.57982458945598],[-93.1137310813509,35.57976961011142],[-93.1137466046629,35.579716253426525],[-93.1137822843337,35.57964681108573],[-93.11383427648568,35.57957483500154],[-93.11393472330657,35.579499586975935],[-93.11399776334832,35.579443199948216],[-93.11405385148788,35.57938633888167],[-93.11413107639248,35.579293536655825],[-93.11416870888473,35.57924338510711],[-93.11420882531837,35.57918903037179],[-93.11427662071985,35.57907354948377],[-93.11434282196505,35.578952478891],[-93.11439094027864,35.57890223076432],[-93.11454716424116,35.57872295917498],[-93.11470868819374,35.57848073493149],[-93.11476531544446,35.5783701198081],[-93.11482250391019,35.57829169779806],[-93.11493312427784,35.578247385920186],[-93.11503332234874,35.578216175050315],[-93.11510176267683,35.57819492527948],[-93.11513374254852,35.578159768872666],[-93.11516552249451,35.57812452158078],[-93.11519527494745,35.57805459486773],[-93.11522603266206,35.57798071341794],[-93.11524546848908,35.57785505518821],[-93.11529955228092,35.57770327526089],[-93.11531674380407,35.577646681614205],[-93.11537357174888,35.57754232169861],[-93.11543634480347,35.57748546890281],[-93.11565424900374,35.57743264471646],[-93.11578353485821,35.577401024809504],[-93.11584260124108,35.57738394747356],[-93.11598560346566,35.57725740209225],[-93.1160346462216,35.57721821123713],[-93.11632732383637,35.57697871761081],[-93.1164373346644,35.576921520247055],[-93.11659299784539,35.5768507781173],[-93.11665909770625,35.576819485257246],[-93.11672530688277,35.57679206757927],[-93.11680527447382,35.57675712121831],[-93.1168723518906,35.57671813705623],[-93.11697935079775,35.576662204436765],[-93.11703193092164,35.5766350531806],[-93.11708604607442,35.576576712975715],[-93.11713979181975,35.5764875670711],[-93.11719427402677,35.576397204990776]]}},{"type":"Feature","properties":{"name":"MG STAVE MILL FLS B","id":"2304","atv":"open","motorcycle":"open","fourwd_gt50":null,"other_wheeled_ohv":"open","seasonal":"yearlong","trail_class":"TC3 - DEVELOPED"},"geometry":{"type":"LineString","coordinates":[[-93.06982543056309,35.57550240505486],[-93.06985718035791,35.57544126686007],[-93.06988683147632,35.575390889360065],[-93.06989369838998,35.57537690426717],[-93.0699004750478,35.575363202346885],[-93.0699444874726,35.57527422463165],[-93.06995808111662,35.57520185326336],[-93.06995845792224,35.57519984505189],[-93.06998882169603,35.57511376956092],[-93.07006094242298,35.57501310260981],[-93.07011954541231,35.5749313061679],[-93.0701334201734,35.57492466459698],[-93.07014732793547,35.574907773855955],[-93.07024430774926,35.57481330384771],[-93.07028697744401,35.57479126408853],[-93.07044591166792,35.574727788347396],[-93.0704468968762,35.57472739464865],[-93.07054161769925,35.5746400542292],[-93.07064890789664,35.57455296424278],[-93.07069617768941,35.57444970386848],[-93.0707287876458,35.574396553622314],[-93.07078678715125,35.574286163813326],[-93.07083592391673,35.574250549200904],[-93.07084921106043,35.57424731976737],[-93.07097822798855,35.574244424387906],[-93.07103087625177,35.574216129094],[-93.07112700802199,35.574164464194205],[-93.07127008856335,35.57418290426028],[-93.07142079770115,35.57417670452775],[-93.07153612764934,35.57417678401697],[-93.07161575770488,35.57409682365934],[-93.07162777233133,35.57408494889392],[-93.07163721774862,35.57407561382231],[-93.07183460818251,35.573968073685634],[-93.07193191868365,35.57389515445012],[-93.07194502235545,35.57388309867122],[-93.07199059902592,35.573841174102014],[-93.0720774138354,35.57379795893781],[-93.07217742834517,35.57375517401453],[-93.07224330747565,35.57375660425615],[-93.07232966698531,35.57378540734447],[-93.07236341838303,35.57379666413083],[-93.07246929842555,35.57380523120192],[-93.07247419391398,35.573803767572315],[-93.07256265910823,35.57377730387944],[-93.07262004669256,35.573752783887365],[-93.07262226948122,35.57373575202441],[-93.07267676484014,35.57375081294486],[-93.07273102015854,35.57376157668152],[-93.0727760684646,35.573770513782414],[-93.07278175789278,35.57377319458467],[-93.0728996982799,35.573801103585],[-93.07305601899652,35.573773533619025],[-93.07315517884162,35.57368108325429],[-93.07322926782658,35.57357580391436],[-93.07332373796582,35.57350883351765],[-93.07341140869639,35.57344085372293],[-93.07355138771837,35.57339215458309],[-93.07362388810134,35.573368013505124],[-93.07360882497191,35.5733465551174],[-93.07360511748301,35.57334127366259],[-93.07367252350639,35.57325327660633],[-93.07371411246866,35.573129246092336],[-93.07371234451097,35.57299676919508],[-93.07372256541412,35.57295251315189],[-93.07381427788404,35.572807677721805],[-93.07387287032552,35.57249789596826],[-93.07387525426022,35.57239706202726],[-93.07387882480562,35.57224599866076],[-93.07377550622124,35.571862171746346],[-93.07370492886419,35.57174561061206],[-93.07366512829455,35.57158979314938],[-93.07359128861064,35.57154872351048],[-93.07359891760231,35.571513523506376],[-93.07356354814007,35.57139979182758],[-93.07355230808142,35.57136365389144],[-93.07344929787496,35.57124219293047],[-93.07341167612124,35.571243180620876],[-93.07333731877674,35.57124513288593],[-93.0731452884718,35.571269013669465],[-93.0730599387003,35.57122534308851],[-93.07300689793941,35.57115988323528],[-93.07299558784605,35.571053523199076],[-93.07296758809304,35.570975063373226],[-93.07293716839959,35.57088462376139],[-93.07279659833776,35.57078915362678],[-93.07268729824017,35.57067600368471],[-93.0726693142639,35.57062476333482],[-93.07270305830376,35.570591423087706],[-93.07280212849633,35.57059771368474],[-93.07290053797435,35.5706128832348],[-93.07298703865085,35.57063166294373],[-93.07301729810288,35.570708523661494],[-93.07302802805762,35.57070827281264],[-93.07309381367132,35.57074555621092],[-93.07311452737756,35.57080315333893],[-93.07321927246727,35.570855480654444],[-93.07335220187635,35.57092188636531],[-93.07338936322314,35.570948665557154],[-93.0735348781086,35.57105352275783],[-93.07372086784747,35.57111881369233],[-93.07378130887878,35.571119403369686],[-93.07392069914812,35.57110599326694],[-93.07404030838622,35.571039603764255],[-93.07412378849222,35.57102041385548],[-93.07420539958686,35.57104845573063],[-93.07421330822771,35.57105117297029],[-93.07421382748508,35.57105418328938],[-93.07422068772269,35.57109400353164],[-93.07423065858109,35.57109987350291],[-93.07431346928148,35.57115049390507],[-93.07434312807628,35.5711525746806],[-93.07443299844195,35.57115888313413],[-93.0745128785675,35.571194424063464],[-93.07456492953185,35.57123247343868],[-93.07467338912649,35.57131151333758],[-93.07472258846335,35.571370863393135],[-93.07483758850863,35.57146197320028],[-93.07491512858105,35.57150958311399],[-93.07492233053921,35.571530783848154],[-93.0749390185521,35.571579903055884],[-93.07503992811642,35.57163287314661],[-93.07514755833941,35.57168777392277],[-93.07520129178793,35.571739968995765],[-93.07522625917149,35.57176422336547],[-93.07532181979762,35.57184292358291],[-93.07537696342595,35.57184869670028],[-93.07542591855265,35.57185382356853],[-93.07552850871822,35.57190118297746],[-93.07560092869964,35.571983823289024],[-93.07566899881935,35.572076283545435],[-93.07578533972045,35.57212531299033],[-93.07583268914503,35.57218415340816],[-93.07587887907424,35.57227845316291],[-93.0759465990221,35.572318512687396],[-93.07607056873555,35.572410883383235],[-93.07613125933841,35.57248758342949],[-93.07615933827913,35.572524623861014],[-93.07629009369465,35.57259267862106],[-93.07630266895441,35.5725992239167],[-93.07640148931154,35.572630072889005],[-93.0764936892199,35.572698133822364],[-93.07662838925751,35.572729983218636],[-93.07664925868848,35.5727288933711],[-93.07680726016395,35.572702494133594],[-93.077016303431,35.57267580421695],[-93.07730056591168,35.572524222988825],[-93.0774577305777,35.57248900972242],[-93.07764386767077,35.57243835923296],[-93.07782060607639,35.57239444720789],[-93.07797184996807,35.572360967375474],[-93.07800196197726,35.57235755585623],[-93.07809691719234,35.57234679710239],[-93.07822702095639,35.572326650845],[-93.07836032970992,35.57231121533339],[-93.0786167492928,35.57223359771767],[-93.07885176443126,35.57214974957216],[-93.07892834050776,35.572110444852015],[-93.07902588003103,35.57208290831586],[-93.07911746907769,35.57208703915145],[-93.07924467207417,35.5720850125288],[-93.07935007244217,35.57204068618777],[-93.07949949446355,35.57203551952061],[-93.07958490088635,35.572072930690766],[-93.07968159660348,35.57214643224085],[-93.07974058236077,35.57216997702116],[-93.07981782709123,35.572193265335216],[-93.0798831001704,35.57219123214014],[-93.07996708078767,35.572111746651935],[-93.08003533430316,35.572052786083184],[-93.08007048991783,35.57200423186527],[-93.0801489212602,35.571888208414606],[-93.08021043556067,35.571765843982504],[-93.08019787228282,35.571703959785864],[-93.08018451605862,35.57163817012932],[-93.08016215094126,35.57130071849879],[-93.08009996043577,35.570802209266276],[-93.08009414452816,35.57075009995685],[-93.07999087916312,35.57039994709892],[-93.07991476241686,35.570190617061435],[-93.0798556777085,35.57002812678659],[-93.07982259931858,35.570017266571455],[-93.07968635031483,35.56997253343907],[-93.07952265919309,35.56974502223453],[-93.07949750895375,35.56967486270467],[-93.07943330940012,35.56954712191163],[-93.07933875898499,35.569400773685786],[-93.07930941916227,35.56930078277585],[-93.07937152981951,35.56917396323003],[-93.07948213801392,35.56914707411669],[-93.07948336267768,35.569146775761794],[-93.07955391988047,35.56912962294763],[-93.07964628963528,35.56906290320709],[-93.0797712695513,35.56900397289446],[-93.07994501849969,35.5689744736352],[-93.08012674191811,35.56896185058846]]}},{"type":"Feature","properties":{"name":"MG  GAP HOLLOW SPUR WEST","id":"2339","atv":"open","motorcycle":"open","fourwd_gt50":null,"other_wheeled_ohv":"open","seasonal":"yearlong","trail_class":"TC3 - DEVELOPED"},"geometry":{"type":"LineString","coordinates":[[-93.09533262824928,35.58034313350007],[-93.09535380596519,35.58024870241533],[-93.0953616149855,35.58021722569444],[-93.09542624206821,35.58013998817968],[-93.09543478926004,35.58007859117559],[-93.09554663560276,35.58002391894633],[-93.09565921443817,35.58002289554225],[-93.09585622656488,35.580021104332765],[-93.09612745456478,35.57995731880074],[-93.09628568601605,35.57986389983625],[-93.09635052012497,35.579801990733024],[-93.09648175742787,35.57979313157173],[-93.09663186061952,35.57979176524586],[-93.09677320939717,35.57983646963027],[-93.09694249439795,35.579865587878196],[-93.09709364382464,35.5799408628092],[-93.09720726763328,35.58001647798677],[-93.09730202339671,35.58008460108957],[-93.09740553340471,35.580106652275596],[-93.0975368752974,35.580105455967946],[-93.0977331535501,35.580050014578994],[-93.0979110888872,35.580025398301316],[-93.09802398046355,35.58004736469499],[-93.09811863268628,35.58010782315246],[-93.09821433112444,35.58024491974453],[-93.09831805236954,35.58028229995014],[-93.09845919323729,35.58031167344765],[-93.0986005439384,35.58035637478068],[-93.09877942197124,35.58040073412937],[-93.09886469365063,35.580461276324186],[-93.09896810022215,35.58047566396837],[-93.09911862319352,35.580504950544814],[-93.09925976584698,35.5805343240035],[-93.09938235541085,35.580579195851534],[-93.09948586662262,35.580601246149065],[-93.09964472521956,35.58055380768746],[-93.0997373875043,35.58046864707495],[-93.09979147595499,35.58030718944102],[-93.09980824820246,35.580161401926794],[-93.09983492511711,35.58005384819297],[-93.09985253600203,35.579969372666056],[-93.09994572180794,35.57992253278784],[-93.09998167546316,35.57980722879436],[-93.10012103480287,35.579706312347994],[-93.1002014250713,35.579587884995554],[-93.1003712388027,35.579469627510335],[-93.10037325132089,35.57946822646239]]}},{"type":"Feature","properties":{"name":"HIGH MTN LOOP A","id":"2308","atv":"open","motorcycle":"open","fourwd_gt50":null,"other_wheeled_ohv":"open","seasonal":"yearlong","trail_class":"TC4 - HIGHLY DEVELOPED"},"geometry":{"type":"LineString","coordinates":[[-93.12659956962328,35.56945513960006],[-93.127825571921,35.56997984914353],[-93.12807504354824,35.57050497622984],[-93.1281622078097,35.570965706756134],[-93.1280063690356,35.57136277239062],[-93.12752593415199,35.57163099652425],[-93.12745170866629,35.572093237058986],[-93.12745910054828,35.57262062891511],[-93.127465568147,35.57308211410808],[-93.1273763985223,35.573552412174266],[-93.1273706256915,35.573557442311845],[-93.12736989279472,35.57355808326335],[-93.12734367476098,35.57357881933944],[-93.12733468705436,35.5735859366028],[-93.12730114082679,35.573616379544326],[-93.12725284371632,35.573660224061825],[-93.12717238879767,35.57369623552282],[-93.12703741531571,35.57368868669243],[-93.1269481028675,35.573671734934386],[-93.12688414564809,35.57366976903001],[-93.12681041777738,35.57365994820795],[-93.12675108984247,35.573660502005424],[-93.12666510609962,35.573656918124776],[-93.12657867785161,35.57365208945993],[-93.12644337420326,35.57364574763086],[-93.1263030640937,35.573642647847414],[-93.1262060914799,35.573652373704995],[-93.12608562648634,35.57367584098006],[-93.1259953654118,35.57370629056757],[-93.12585326440387,35.573768349541254],[-93.12579075231294,35.57379637249413],[-93.1257329247846,35.573819964289896],[-93.12566205242517,35.573861293546166],[-93.12555962985772,35.57389584720698],[-93.1254722304141,35.57392440534989],[-93.12543605079992,35.57393903002282],[-93.12524005523261,35.57401453215533],[-93.1250644518142,35.57405568038709],[-93.12491307920857,35.574099424377096],[-93.12482011867529,35.57411625723983],[-93.12477633919974,35.574135130982],[-93.12466999110842,35.57418518113653],[-93.12463901169455,35.574202030893424],[-93.12458470294567,35.57423412203465],[-93.12452494503458,35.57426519720185],[-93.1244931935789,35.57428312519976],[-93.12444560534149,35.57431416521765],[-93.12440932454868,35.57433781978974],[-93.12429543327382,35.57441259815038],[-93.1242016538648,35.57446694395305],[-93.12413560564866,35.574505664252285],[-93.12402567384923,35.574536835909825],[-93.12391906960073,35.57454088127729],[-93.123824292746,35.57452393282456],[-93.12368871256074,35.57444620393835],[-93.12366000984811,35.57442225199111],[-93.12355217937187,35.5743729679346],[-93.12351007719587,35.57435890373902],[-93.12340704564839,35.57432554242143],[-93.12336368416624,35.57430492982093],[-93.12331896127432,35.57428605428885],[-93.12323319907391,35.574267488492204],[-93.12323316044395,35.574267486728374],[-93.1231228410912,35.57427980699874],[-93.12304081453718,35.57434265785782],[-93.12300570282582,35.574420952182855],[-93.12297141105464,35.574535356155415],[-93.12296868834441,35.574611161307324],[-93.12298330485386,35.57471001407885],[-93.1229774499854,35.5748110760559],[-93.12295051803314,35.57496580546296],[-93.12286690451606,35.57522800713277],[-93.12280063133119,35.57540506646785],[-93.12274210906999,35.57551139184021],[-93.12259889154329,35.57559699579384],[-93.12246434760833,35.57560954116464],[-93.12232227326386,35.57557699040404],[-93.12223140311515,35.57550163005743],[-93.12217519578041,35.57543443058426],[-93.12210792585488,35.575316531256014],[-93.12206965855809,35.5752529589602],[-93.12199891687065,35.57518310431],[-93.12192503198541,35.57512044532048],[-93.12188748926836,35.57508915969496],[-93.12185291821372,35.575062653446665],[-93.12181159109923,35.57504008343992],[-93.12170060580846,35.575023042398925],[-93.1216173797557,35.57503247658253],[-93.12155986356035,35.575056806320646],[-93.12153814996066,35.57509522981922],[-93.12152668008613,35.57512321621678],[-93.12153172365473,35.57520498517997],[-93.12154539170119,35.57523378297169],[-93.12157577055372,35.57532641660629],[-93.12158330041188,35.575372198798604],[-93.1215994542534,35.57544648811842],[-93.12160383667812,35.57550040823923],[-93.12161744656977,35.575566617661565],[-93.12160421391525,35.57560907294055],[-93.12154910907682,35.57564089842449],[-93.12147720851365,35.575666706014545],[-93.12140395166219,35.57565823570549],[-93.12136108534001,35.57563531274537],[-93.12118890702206,35.57554268013752],[-93.12113163718455,35.57550372116538],[-93.12106734441402,35.57546519750656],[-93.12097399965252,35.57541157676104],[-93.12092864830738,35.57538507926348],[-93.12089258906465,35.57535887178079],[-93.12083345270646,35.57532838380864],[-93.12075179125203,35.57528783783873],[-93.12069403517833,35.57523936755601],[-93.12064870652226,35.57520873853357],[-93.12056444883856,35.575164803899206],[-93.1205175211063,35.57512755555316],[-93.12041380944302,35.57505844794136],[-93.12030032963372,35.57499749015446],[-93.12022748497208,35.57497558942605],[-93.12018296915852,35.57500422718727],[-93.12017344394089,35.57506357748804],[-93.12021989996241,35.57512576809677],[-93.12029720260243,35.57525115395482],[-93.12036034931072,35.57533841557563],[-93.12039212945787,35.575388924462686],[-93.12043429803677,35.575435556654384],[-93.12045210710953,35.57547867957676],[-93.1204769116455,35.575523604230504],[-93.12051593249883,35.57559661212478],[-93.1205713273817,35.57570947763778],[-93.12059982676377,35.57575712518159],[-93.1206229239768,35.57580711341729],[-93.1206643585313,35.57589465987781],[-93.12070855485248,35.575969178210805],[-93.12075239814045,35.576017260278114],[-93.12081938117703,35.57605381488948],[-93.12086113618388,35.57607600430383],[-93.12088241626466,35.57611814087082],[-93.12092777529863,35.57614875444149],[-93.12098147192154,35.57619584192888],[-93.12104141549487,35.57623936427694],[-93.1211097543715,35.57631639457692],[-93.12112151991879,35.57641789136741],[-93.121105578642,35.5765139880149],[-93.12102470691649,35.576587730148994],[-93.12090323115672,35.57661746338103],[-93.12074411310137,35.576602012467326],[-93.1205920325906,35.576594993818325],[-93.12051571095853,35.57657309674965],[-93.12041466399114,35.5765475663085],[-93.12035875415806,35.57654075241503],[-93.12030891041643,35.57654670532281],[-93.1202259223776,35.57656148243194],[-93.12015002066312,35.57658714805123],[-93.1200635713996,35.57661816194115],[-93.1198336039656,35.57668228582898],[-93.11977330052507,35.57669929241442],[-93.11969829213064,35.57672989704305],[-93.11963779598867,35.57675763437845],[-93.11957511499921,35.576806475342146],[-93.11951723067676,35.5768428118389],[-93.11945435422548,35.576875317603545],[-93.11939200201347,35.576907110506596],[-93.11932909634979,35.576944544694626],[-93.11927318646316,35.57698844402561],[-93.11919151285734,35.577058758519335],[-93.11915449279088,35.57711199200879],[-93.11912147010896,35.577183061731475]]}},{"type":"Feature","properties":{"name":"MG STAVE MILL FLS C","id":"2347","atv":"open","motorcycle":"open","fourwd_gt50":null,"other_wheeled_ohv":"open","seasonal":"yearlong","trail_class":"TC3 - DEVELOPED"},"geometry":{"type":"LineString","coordinates":[[-93.06951921412654,35.569838144603594],[-93.06953791264773,35.56986825824709],[-93.06982817625631,35.57012634994996],[-93.06985139528031,35.5701488996128],[-93.06986421604438,35.570183770155516],[-93.06985332507078,35.57020949989477],[-93.0698513957839,35.57021050906734],[-93.06984074536383,35.5702158701903],[-93.06982314588788,35.570223999823575],[-93.06981426645994,35.57024051975125],[-93.06981117802218,35.57024871311126],[-93.06980491637991,35.57027297677262],[-93.06979869017417,35.57029993006164],[-93.06987232606403,35.570390730445084],[-93.06988581511352,35.570414819461014],[-93.0699062093025,35.57046305450389],[-93.06992005723095,35.570514037989504],[-93.06993683828442,35.570538097138446],[-93.06994710740148,35.57056759436156],[-93.06996381647885,35.570586274251326],[-93.0700562452903,35.57066253968882],[-93.07006672615631,35.57067025991279],[-93.07010460532801,35.57070025952561],[-93.07018021572249,35.570763879863215],[-93.07038615625491,35.57093662944318],[-93.07040166612158,35.570960600003545],[-93.07042706599962,35.57099421974736],[-93.07045271675256,35.5710357892649],[-93.07045874565624,35.57104458953818],[-93.07047215580566,35.571065209850374],[-93.07047877587185,35.57107359050572],[-93.07051398621454,35.57112421969823],[-93.07065010499089,35.571284399937205],[-93.07065974585602,35.5712980598274],[-93.07068572568508,35.57131323033452],[-93.07072688626954,35.57136947060288],[-93.07087356604515,35.571493110075274],[-93.07091078611698,35.571525800367475],[-93.07091698651462,35.57153124003409],[-93.07092318581826,35.57153668961924],[-93.07093651661232,35.57155093970564],[-93.07099107525366,35.571602239923735],[-93.07101262585874,35.57162169043672],[-93.0710360960674,35.57164163031703],[-93.07106190580676,35.57166518987513],[-93.07107766632635,35.57167893087949],[-93.0711129564287,35.57172168024904],[-93.07112946560062,35.571738360212265],[-93.07114321582114,35.57175009980997],[-93.07126106611832,35.571811120287336],[-93.07130598644592,35.57184020017055],[-93.0714057369054,35.5718976200668],[-93.07141017605873,35.5718993801801],[-93.07150556641275,35.57193827078487],[-93.07150966649351,35.571942210404615],[-93.07159114633203,35.57198395031839],[-93.0715941565024,35.5719883901014],[-93.07159725650124,35.571992079650954],[-93.07166070639842,35.572045730315025],[-93.07171460648166,35.57204940949033],[-93.07172114729018,35.572051589416475],[-93.0718304473609,35.57206522504443],[-93.07200516809834,35.572082499381814],[-93.072051611708,35.5721089849055],[-93.07209791327622,35.57212471190511],[-93.07215314625996,35.57213910089014],[-93.07215918564671,35.57213960040089],[-93.0721689860114,35.57213750989951],[-93.07217929588336,35.57213994091046],[-93.0721863360436,35.57214514016714],[-93.07224811586052,35.57218311077502],[-93.07225314567675,35.57218755023267],[-93.07227325557304,35.57219609942704],[-93.07227703593361,35.57219543083486],[-93.0722855857122,35.572198029698775],[-93.07230787597877,35.572220910345614],[-93.07231877657394,35.57222979055445],[-93.07241583687366,35.57225937972745],[-93.07246009611971,35.57228401980812],[-93.07259805602966,35.5723622296279],[-93.07262529698298,35.57238117059242],[-93.07263435675387,35.57238754076221],[-93.07266301632356,35.572406990300514],[-93.0726749267993,35.572413439898185],[-93.07270031686343,35.57243708050432],[-93.07274080616374,35.572479819944164],[-93.07274893597996,35.572489040809145],[-93.07275840730111,35.57249649992471],[-93.07278639568992,35.5725229899886],[-93.07283317719596,35.57256984978385],[-93.072854206438,35.572595330571644],[-93.07287449646074,35.57261980104325],[-93.07287801586548,35.57262709062858],[-93.07289486750238,35.572652069907306],[-93.0729532866316,35.57274016988967],[-93.07299862657068,35.5727913800921],[-93.07299980682204,35.57280043112755],[-93.07300214636338,35.572818540424294],[-93.0730124567577,35.57283237013057],[-93.07302276707517,35.572855840369016],[-93.0730219355139,35.57285768025614],[-93.07305308481226,35.572896256877605],[-93.07304950640615,35.57292977008681],[-93.07302503695155,35.57301485909778],[-93.07303208654528,35.57304976343805],[-93.07302494749696,35.57310235068327],[-93.07302754613542,35.57312138041498],[-93.07303249651528,35.57313303045046],[-93.07302947658019,35.57314107056541],[-93.07302427696193,35.57314786049862],[-93.07301237611196,35.57321785083197],[-93.07301723736457,35.57324560093564],[-93.07301874688456,35.57325507104195],[-93.07301563553085,35.57329737333199],[-93.07298003467773,35.57334341643908],[-93.07286578691229,35.573417059075226],[-93.0728071402014,35.573463308111144],[-93.07272251871969,35.5735366865611],[-93.07265052688477,35.57356960443491],[-93.07263199471029,35.573661224097705],[-93.07262226948122,35.57373575202441],[-93.07262004669256,35.573752783887365]]}},{"type":"Feature","properties":{"name":"MG HIGH MTN LOOP C","id":"2308B","atv":"open","motorcycle":"open","fourwd_gt50":null,"other_wheeled_ohv":"open","seasonal":"yearlong","trail_class":"TC3 - DEVELOPED"},"geometry":{"type":"LineString","coordinates":[[-93.13151662521929,35.55836788112629],[-93.13154769863986,35.55865291069062],[-93.13158034652263,35.55906870447213],[-93.13161008904177,35.55943094909449],[-93.1316154176812,35.55949584566656],[-93.13173632898138,35.55982718636651],[-93.13191402348257,35.5600630015713],[-93.13191970229809,35.560466670289735],[-93.1323318807038,35.560842770679855],[-93.13236862609291,35.56138863843469],[-93.13237631264501,35.5619347778782],[-93.13255902953948,35.56252676910465],[-93.13288303543104,35.56283245280384],[-93.13297991390101,35.56352024360963],[-93.13324881522009,35.56404017800931],[-93.13334851289656,35.56421146960485],[-93.13344609047849,35.564370360234705],[-93.13343260606334,35.56440053025094],[-93.13338019604367,35.56451218570548],[-93.13328823792413,35.56461548410505],[-93.13321230304194,35.56469179700471],[-93.13313552539908,35.56478106492398],[-93.13307300273293,35.56485434056099],[-93.13301396819257,35.56491763094953],[-93.13293638059652,35.565006507410935],[-93.13285187739257,35.565116267556164],[-93.13275089623838,35.56532700996687],[-93.13271402365713,35.56540142481452],[-93.13267596280858,35.56548672488458],[-93.13265773526267,35.5655337881033],[-93.13264857973691,35.56555743426812],[-93.13261345408803,35.565646744371406],[-93.13257420433106,35.565732594824205],[-93.13252452054878,35.56581700686515],[-93.13245358634408,35.56589549669322],[-93.13234328004658,35.56597435610532],[-93.13219823454064,35.56608608562233],[-93.1321530504084,35.5661174551863],[-93.13209598705313,35.5661570473547],[-93.13203443917982,35.56619612775665],[-93.13188832723334,35.566307424367544],[-93.13170319428146,35.566464673202425],[-93.13157524485464,35.56659717734381],[-93.13116618270644,35.56656540410463],[-93.131020003816,35.5665533437716],[-93.13062154142165,35.566528316901184],[-93.13032398485515,35.566583688806936],[-93.13023861355624,35.566593249382095],[-93.13014919511919,35.566625721813146],[-93.12996615719246,35.566702476425355],[-93.1298631182626,35.566753128147056],[-93.1297698494949,35.566792585087015],[-93.12961784300515,35.56686297972422],[-93.1295299096324,35.56691755426666],[-93.12943626196888,35.56694189684666],[-93.12934017417624,35.56695103549424],[-93.12920283846277,35.56695745829917],[-93.12905357619887,35.56694422492753],[-93.12891774794006,35.56692380160482],[-93.12883023690944,35.566878553428204],[-93.12878210799926,35.56686723042147],[-93.1287217804592,35.566853036915276],[-93.12864358982475,35.56685113852727],[-93.12859834334115,35.56685567165037],[-93.12853270190396,35.56683983187838],[-93.1284472575453,35.56684886379254],[-93.12841279171407,35.566902653806906],[-93.12841932188459,35.56700951236796],[-93.12837506962279,35.56708394725814],[-93.12824135796464,35.56720971048319],[-93.1282163826365,35.56740365050844],[-93.12818530842333,35.567489829841776],[-93.12814157197317,35.56759534968213],[-93.12809789817413,35.56769593015138],[-93.12807981487461,35.56774964224442],[-93.12803659553431,35.56787933045684],[-93.12794717767098,35.56803579465882],[-93.12786814046063,35.568163011496424],[-93.12779500175947,35.56834112787553],[-93.12775620916786,35.56840619751852],[-93.12771840013085,35.56846661895749],[-93.12766305409522,35.568550494868546],[-93.12758370750787,35.56863978536862],[-93.12749884072112,35.56877016392704],[-93.12746843821463,35.56885623324628],[-93.12744011501823,35.56891110747826],[-93.12737282656315,35.56897326409785],[-93.12729976754964,35.56901663530545],[-93.12722270804586,35.569060012493594],[-93.1271398569345,35.56910477708122],[-93.12704110805657,35.56916650503895],[-93.1268388916892,35.5693296152095],[-93.12678114133541,35.56936844186415],[-93.12675997302752,35.569382674262656],[-93.12671952590189,35.56940986572374],[-93.12669672582582,35.56941806412375],[-93.12660299305018,35.569453834010034]]}},{"type":"Feature","properties":{"name":"MG GAP HOLLOW SPUR SOUTH 2","id":"2348","atv":"open","motorcycle":"open","fourwd_gt50":null,"other_wheeled_ohv":"open","seasonal":"yearlong","trail_class":"TC3 - DEVELOPED"},"geometry":{"type":"LineString","coordinates":[[-93.08800605139037,35.58169600647327],[-93.08801158834265,35.58169151217825],[-93.08807876395622,35.58163698949756],[-93.08814420009482,35.58158961368365],[-93.08819557605192,35.58150333169889],[-93.08824581074344,35.58144129338211],[-93.08829813620171,35.58134741690003],[-93.08830393841183,35.58120654404621],[-93.08827175596164,35.58111414505177],[-93.08825135688636,35.58105887127093],[-93.08829606221236,35.58093003770257],[-93.08830307876924,35.58078840836079],[-93.08830793617192,35.58057918966373],[-93.08828707026444,35.58042127246252],[-93.08826545547072,35.58038448354261],[-93.08814839987541,35.58031548782261],[-93.0880506972066,35.58022442511835],[-93.08799046789913,35.580130105248706],[-93.08788828459844,35.58001686130276],[-93.08770898741282,35.579923946266405],[-93.08769698608332,35.57982919170956],[-93.08765404719543,35.57969239192283],[-93.08749637330585,35.57952597936541],[-93.08740469904617,35.57934290481876],[-93.08731080045465,35.57927808959593],[-93.08714697503237,35.57921262608854],[-93.08695867288654,35.57913782171415],[-93.08678237385345,35.579027208993985],[-93.08671898697186,35.57895637801864],[-93.08670533138668,35.578869798062506],[-93.08663604756316,35.57882452155282],[-93.0864921312234,35.578800318016704],[-93.08630376226964,35.57872041378748],[-93.08625286094532,35.578649470834286],[-93.08620195970992,35.57857852695696],[-93.0861513331546,35.57852798196234],[-93.08611902043599,35.57844667102784],[-93.08607964797494,35.57833179911687],[-93.08602866861503,35.578260746117614],[-93.08600067240934,35.57817197355499],[-93.08604505430144,35.57805462540265],[-93.08606706210794,35.57783512006431],[-93.0860650651675,35.577687234298004],[-93.08601271807395,35.57750919966846],[-93.0858989841193,35.57740822206437],[-93.08580363132229,35.57728157730182],[-93.08573996999272,35.57719034778064],[-93.08570169257881,35.57712949055692],[-93.08569400515404,35.577022456616454],[-93.08568014488188,35.57692057913407],[-93.08559734484498,35.576798920459304],[-93.08550926819956,35.57674871193587],[-93.08543998687774,35.57670343562092],[-93.08537042904068,35.57663775945208],[-93.08528276480766,35.576618148229905],[-93.08521931283653,35.576542216704375],[-93.08513179519697,35.576490996748966],[-93.08500837306619,35.57646889584995],[-93.08492942472421,35.57646702735943],[-93.08488474484678,35.57643132071647],[-93.08490593710997,35.576364072767426],[-93.08501572162048,35.576311501769375],[-93.08512561129474,35.576266666821866],[-93.08517080222684,35.57618564347671],[-93.08515001304403,35.57603282623704],[-93.08507983690149,35.57592125503624],[-93.08497214150226,35.575804920637445],[-93.08480230067794,35.57570954653632],[-93.08462052641805,35.57565508068172],[-93.08448320319069,35.57565631669494],[-93.08433325791596,35.57564746551749],[-93.08412041174364,35.575603478972795],[-93.08398315792957,35.57560981324415],[-93.0837208573914,35.57560197184184],[-93.08349539085435,35.575547897993495],[-93.08323219755631,35.57547376173671],[-93.08311311957557,35.57543913005866],[-93.08303725546914,35.57536841029513],[-93.08299273767429,35.575307608785344],[-93.08294849481392,35.57526720437896],[-93.0828729036558,35.57521688253346],[-93.08282235167331,35.5751714358367],[-93.08280890650326,35.575100153670384],[-93.08277625556764,35.574993344933645],[-93.08264332132232,35.574856834028104],[-93.08249797247964,35.57472553584017],[-93.08236620614964,35.57467571735772],[-93.08229873804923,35.57468948937938],[-93.08224756843317,35.57473665127042],[-93.08221153152563,35.574779110591116],[-93.08219973281354,35.57483021740924],[-93.08220041950602,35.574881212923835],[-93.08220817019156,35.5749933468638],[-93.08219033693803,35.57505980852413],[-93.08214184210013,35.57516734808054],[-93.08202605733729,35.575377493423375],[-93.08197166371195,35.575510585401126],[-93.08194251118262,35.57566385192708],[-93.08189534764072,35.575743077504974],[-93.08189367184445,35.57574589271816],[-93.08188522223483,35.575749131803775],[-93.08183199927771,35.575769535498324],[-93.08181317602032,35.57577675162071],[-93.0817473035022,35.575793396734795]]}},{"type":"Feature","properties":{"name":"MG BLACK OAK RIDGE LOOP","id":"2305B","atv":"open","motorcycle":"open","fourwd_gt50":null,"other_wheeled_ohv":"open","seasonal":"yearlong","trail_class":"TC3 - DEVELOPED"},"geometry":{"type":"LineString","coordinates":[[-93.09424149806117,35.55244627090598],[-93.09428917655798,35.55247735988726],[-93.09440583893615,35.5525534932595],[-93.09442802547579,35.55256718474726],[-93.09444507058434,35.55258944604144],[-93.09447124316671,35.552635766426995],[-93.09449142085275,35.55268449984202],[-93.09450030044466,35.55270510666614],[-93.09450972304721,35.552736193074246],[-93.09452015529467,35.55278050786585],[-93.09452613669629,35.55280228551264],[-93.0945380128805,35.55283313916927],[-93.09456006630685,35.55288748213918],[-93.09456659322632,35.55291151982078],[-93.0945666464115,35.55296996276325],[-93.09459805064999,35.55309842487141],[-93.09457513861257,35.55311537424071],[-93.09453980139948,35.5531536143587],[-93.09454927383543,35.55322614558474],[-93.0945611831998,35.55326358314172],[-93.09479310430372,35.553526537363794],[-93.09504028738552,35.55376047085369],[-93.09507555633263,35.553969033354974],[-93.09507446193311,35.55411959901289],[-93.09506680836732,35.55418913214022],[-93.09503985448558,35.55434161437112],[-93.09504081747787,35.554353560622204],[-93.09503417929625,35.55438224679345],[-93.09502998659978,35.5543954080388],[-93.0950001305794,35.55455711653605],[-93.09502760076724,35.55482050345614],[-93.09507243501473,35.55491108775587],[-93.09510713789706,35.55500048081995],[-93.09520828884509,35.555227590718914],[-93.09525268172429,35.55539707694184],[-93.09528683669716,35.5555405979889],[-93.09529094817407,35.55555295921645],[-93.09529663686286,35.555565726748085],[-93.09533290038885,35.55579484980007],[-93.09533664194234,35.555803221468445],[-93.09533838077256,35.55581338632048],[-93.0953539055948,35.55614153623198],[-93.09540618308674,35.55638837593145],[-93.09539197593703,35.55644248952683],[-93.09536967672628,35.556510778218836],[-93.0953360636495,35.55658963069346],[-93.09529673367823,35.556626413478504],[-93.09525459413109,35.55664988815348],[-93.09508746101866,35.55682110930483],[-93.09505243693388,35.556842558576825],[-93.09497004933549,35.55689194253739],[-93.09493503093069,35.55691171107496],[-93.09477842150127,35.5569766438517],[-93.09476279510754,35.556983159812866],[-93.09465349148263,35.557011494698905],[-93.09446553521141,35.55704264390282],[-93.0944359298006,35.55704445418538],[-93.09421585058361,35.55707510068333],[-93.09413729781231,35.55707460030334],[-93.09410795630649,35.557074703455584],[-93.09400566315767,35.55707453439297],[-93.09378693854075,35.55708707190098],[-93.09361548425528,35.55712773839851],[-93.09352422465768,35.55715952693855],[-93.0934735206913,35.55717719552724],[-93.09334734404725,35.5572529642523],[-93.09329843320276,35.557286983897704],[-93.09327556309397,35.55729662411517],[-93.09323765441364,35.5573203175205],[-93.09321715593136,35.55733413959859],[-93.09319056597178,35.557355955095204],[-93.09315419411566,35.55741288430309],[-93.09312574064275,35.55746156800854],[-93.09310116919109,35.557514303477625],[-93.09307978340955,35.55757004532373],[-93.09303413665421,35.55764461633236],[-93.09301351339182,35.55767660513046],[-93.09299606810471,35.557704922616615],[-93.09292953205278,35.55777716176944],[-93.09291126022305,35.557793017126535],[-93.09283848973375,35.55786907144996],[-93.09269624505221,35.55805351278111],[-93.09266520607086,35.5581034110943],[-93.09258844751088,35.5582477510842],[-93.09256430231582,35.55837807310001],[-93.09255397034836,35.55842740997879],[-93.09253910330517,35.55849401984138],[-93.09253522626712,35.55851355098092],[-93.09252859954684,35.55853696046906],[-93.09252112929153,35.55855703896839],[-93.09244746291066,35.55881763027893],[-93.09243953453908,35.55884815035202],[-93.0923769362209,35.559056899366595],[-93.09237357336073,35.55908704986204],[-93.09237095049625,35.55917166819623],[-93.09237262104988,35.55920625641416],[-93.09237474613404,35.559240771249144],[-93.09238441424706,35.559264686696146],[-93.09239601278607,35.559304438328304],[-93.09241545031023,35.55935974029807],[-93.09242914856505,35.55940897668613],[-93.09243428018658,35.55943550050291],[-93.09246195156585,35.559554191893184],[-93.09246823683858,35.55957734441666],[-93.09248047847662,35.55961396137392],[-93.09249093334333,35.55964741847908],[-93.09254050632627,35.55978183513224],[-93.092576926002,35.55987361783661],[-93.0925925534472,35.55990287282924],[-93.09261382881161,35.55993352466166],[-93.09262733666806,35.55996669809001],[-93.09269458817317,35.56031086423985],[-93.09274048205911,35.56044157689856],[-93.09275938158035,35.560461416016864],[-93.09279720767127,35.56049677436935],[-93.09281232915984,35.5605119539018],[-93.0928287122374,35.56053795689208],[-93.09287737308665,35.560590471782305],[-93.09293765369503,35.56066338226685],[-93.09303400745894,35.5607917936342],[-93.09307750855295,35.56084309427957],[-93.09313708208461,35.56092065777342],[-93.0931526896268,35.56093998903163],[-93.09317174405236,35.560962862951925],[-93.09320929383756,35.56103464755411],[-93.09323810059222,35.561072725832254],[-93.0932617930458,35.561110967653164],[-93.0932950905199,35.56118297822594],[-93.09331905315696,35.56124101757719],[-93.09336639271997,35.56137718119601],[-93.09338217744563,35.561396931557645],[-93.09340195625516,35.56141629471591],[-93.09346044424142,35.5614706357258],[-93.0934865260131,35.561508014562364],[-93.09350746496334,35.56152862920917],[-93.09352481650667,35.561550139278566],[-93.09354485343403,35.56157790748782],[-93.09356627442759,35.561608790756665],[-93.093585421884,35.56163836387091],[-93.09361844840178,35.561669562719],[-93.09364299076475,35.5617029627882],[-93.09366451349393,35.56173491983701],[-93.09369204298783,35.56176738255376],[-93.09380843460238,35.56194665296877],[-93.09382421475168,35.56197648924294],[-93.09383998511278,35.5620121177864],[-93.09386077133395,35.56205297655914],[-93.09389654778386,35.562107663233924],[-93.09391318936517,35.562129553396986],[-93.0939354618099,35.562159822805185],[-93.09395642012028,35.56219867162621],[-93.0939726840292,35.562222177849655],[-93.09398690545638,35.562246658554095],[-93.09399276866209,35.562274461176706],[-93.09401340556741,35.562325291495135],[-93.09402341129243,35.56235504117611],[-93.09403570604339,35.562376644376506],[-93.09404895991497,35.5623993594758],[-93.09406389878123,35.562422059734025],[-93.09407358550315,35.56245358683095],[-93.09410862661247,35.56258031213218],[-93.09411694120931,35.562607601592504],[-93.09411694333481,35.56264339658758],[-93.09411748744714,35.56267085080529],[-93.09411606870268,35.562694726063654],[-93.09411755096504,35.56272800878],[-93.09411992407698,35.56275969576436],[-93.09411932028812,35.56278879370195],[-93.09411638452964,35.56281667621892],[-93.09411314401896,35.562855722424516],[-93.094112635472,35.563131458519926],[-93.09406565996419,35.563278587454604],[-93.09404633605013,35.56330531149648],[-93.09403015520175,35.563334224117256],[-93.09400472776542,35.56336179686579],[-93.09398380236597,35.56338638611391],[-93.0939574204042,35.56341114281117],[-93.0939372385039,35.56343364863751],[-93.09391292905866,35.563451006493175],[-93.0938745124265,35.56347956132008],[-93.09385037043796,35.563496708044255],[-93.0938295649712,35.56351538949688],[-93.09380253413586,35.56353641649828],[-93.09375489156263,35.56357574879032],[-93.09373595410112,35.56358481617916],[-93.09371329060302,35.56359711620656],[-93.09369375871117,35.56360649332009],[-93.09367884539903,35.56361722924984],[-93.09362613341662,35.56368513992871],[-93.09356593648172,35.56371328418136],[-93.09352585721805,35.563741387553215],[-93.0935040308954,35.56375438026793],[-93.09344757470996,35.56378442947205],[-93.09341608437919,35.56379491853836],[-93.09337401665931,35.56380506053482],[-93.09333730257964,35.56381382243934],[-93.09329641730467,35.56382259838044],[-93.09326760167195,35.56381963798484],[-93.09322510119952,35.563821073837666],[-93.09319661139106,35.563823130007925],[-93.09317665754655,35.56382461874257],[-93.09315791874677,35.56382714705038],[-93.09314189855809,35.563832195197364],[-93.09312842060072,35.56383705743997],[-93.09304930533624,35.5639723359261],[-93.0930006629602,35.56403701163879],[-93.09296406037447,35.56407077817036],[-93.09294513789062,35.56410828557308],[-93.0929199903651,35.56421540679993],[-93.0928876208962,35.56440426903209],[-93.09286823787201,35.56451806168965],[-93.09287856526083,35.56459049126566],[-93.0928785121027,35.56468117932941],[-93.09287650064331,35.56472250213551],[-93.09286807499912,35.56473747527369],[-93.09286374125087,35.56475923024804],[-93.09281103137789,35.56487997961222],[-93.09279856817712,35.56491331815058],[-93.09277230901944,35.56496399088946],[-93.09274002044812,35.56501866351381],[-93.09271909575745,35.56505607233134],[-93.09271320765619,35.565081179061416],[-93.0926814944725,35.56512578329613],[-93.09249232910305,35.5655469900356],[-93.092432306699,35.56568062503443],[-93.09240426403282,35.56574305759536],[-93.09238586181947,35.56585464754668],[-93.09233333546474,35.56593845645544],[-93.09230727788075,35.56596818248044],[-93.0922926551425,35.56599612437924],[-93.09227145339538,35.566053124581124],[-93.09223132651205,35.56610945580036],[-93.09220255126385,35.566134723371874],[-93.09217074654744,35.566168424669584],[-93.09205380904483,35.56626276446861],[-93.0919447445011,35.56633933275441],[-93.09190954422917,35.56637126661439],[-93.0918742845156,35.566394654581764],[-93.09182849845008,35.56641727512983],[-93.09177361333163,35.56644532426484],[-93.09170976819927,35.56650593279841],[-93.09161703145996,35.566604372537384],[-93.09161211210002,35.5666714290733],[-93.09155471361572,35.56683011602505],[-93.09147905902836,35.56688096572541],[-93.0915375786053,35.56708977444969],[-93.09154658811262,35.567120048031626],[-93.09155280712977,35.567136079319],[-93.09164463294285,35.56736222503496],[-93.09167144750057,35.567617656421994],[-93.09164611010905,35.56781633103648],[-93.09156800753468,35.568026737541125],[-93.09151033940725,35.56822677833432],[-93.09150736245691,35.56823686835584],[-93.09144084227508,35.56836589124137],[-93.09142071681775,35.568386364247004],[-93.09139108460892,35.56846646395674],[-93.09132485989004,35.568638352321805],[-93.09133579092484,35.56874264795679],[-93.09124758485771,35.569457442678804],[-93.09123314214726,35.56998967849555],[-93.09123186096981,35.570013109069755],[-93.0912147344983,35.57027790315438],[-93.09117548313972,35.57036532792688],[-93.09112885958723,35.57067188116986],[-93.09111396839178,35.57070750704332],[-93.09105533940918,35.570895928582594],[-93.09104391462365,35.570963838422244],[-93.09102641830574,35.57108970875897],[-93.09107218624831,35.57116457227267],[-93.09103813914436,35.57126493185788],[-93.09100698936177,35.57132178962578],[-93.09091758327023,35.57141123129186],[-93.09087691382062,35.571444732425874],[-93.09086107295248,35.57145465810254],[-93.09071009216517,35.5716271508927],[-93.09061294009366,35.571714421553175],[-93.09056054200907,35.57181034690512],[-93.09050291692441,35.571902162790686],[-93.09049155485327,35.57206956332571],[-93.09045114161911,35.57215571376453],[-93.09035810298634,35.57225781972014],[-93.09022836183031,35.57236133261555],[-93.09013357262246,35.57250506386638],[-93.08990387826563,35.57275931101085],[-93.0898693524355,35.57278866950589],[-93.08969761919731,35.573028663789245],[-93.08943951623968,35.57328427733911],[-93.08919270738558,35.57338368860078],[-93.08913960913807,35.57340000911954],[-93.08873046312756,35.57323746875694],[-93.08834620500785,35.57276597534459],[-93.08804946403436,35.572317439726845],[-93.08781406385076,35.57210583077551],[-93.0876648948791,35.5718221991132],[-93.08748441402,35.57137261175461],[-93.08736462973772,35.57111246279583],[-93.08736141984915,35.57087500969383],[-93.08733075165208,35.57075654584084],[-93.08742594261474,35.570610139433754],[-93.08756697971748,35.57026420043259],[-93.08770947690823,35.5700864971045],[-93.08789270172157,35.56982562105077],[-93.08792639320558,35.569445214540444],[-93.08794480949197,35.569262341967004],[-93.08794653595227,35.569252683038385],[-93.08804598255263,35.56862096044261],[-93.08805342328314,35.56857101842429],[-93.08812454660362,35.56816293325465],[-93.08808466581091,35.568108935885896],[-93.08806464485194,35.5680844371052],[-93.08796760201469,35.56799170558653],[-93.08787212753612,35.56790503109303],[-93.08778917982698,35.56782966142083],[-93.08772507040392,35.567756852221336],[-93.08771141136293,35.56774429753869],[-93.08758543891085,35.56754925383914],[-93.08755013889747,35.567491573288315],[-93.08754323422816,35.56747755479614],[-93.08751817330516,35.567384687662596],[-93.08751029292121,35.5673471428817],[-93.08749488357172,35.56696185702013],[-93.08759505703628,35.566508585946835],[-93.08764623922045,35.566392475430916],[-93.0876741173787,35.56633244972757],[-93.0878375659561,35.566099514176905],[-93.08786371006816,35.566067640399886],[-93.08788291387033,35.566048694259564],[-93.0879056955966,35.56602801161626],[-93.08802732936019,35.565893917337384],[-93.08804451568075,35.56587582922036],[-93.08809167367974,35.5658426687051],[-93.08811948639787,35.56582212661019],[-93.08819292766898,35.56579473008562],[-93.08832304796834,35.56572619166252],[-93.08843879187323,35.56562995294347],[-93.08848646111974,35.565450807811146],[-93.088714171331,35.56482086732095],[-93.08878469079198,35.564689685246286],[-93.0889097449016,35.564612227085775],[-93.08904085853902,35.56450323959274],[-93.08907414144784,35.564481457959694],[-93.08906292961902,35.56430770019121],[-93.0890124464993,35.56407200304851],[-93.0890065394759,35.56404305601699],[-93.08882603031564,35.56373271793034],[-93.08881795575046,35.563712430222104],[-93.0888028284541,35.56367784648217],[-93.08879084931294,35.563654161488664],[-93.08869857287817,35.56350364500882],[-93.08857572651658,35.56339790840981],[-93.08835632100858,35.56340371829886],[-93.08807465716795,35.56351987784073],[-93.08802505334275,35.56354327787603],[-93.08794415711503,35.56357914903592],[-93.0878019928679,35.56364641548702],[-93.08778296256999,35.56365497076771],[-93.08770010780687,35.5636770126296],[-93.0876486081557,35.56367220005164],[-93.08758862750715,35.563638370987334],[-93.08741245022104,35.56346404660663],[-93.08738327210901,35.56342368241345],[-93.08737851484544,35.563287343169634],[-93.08737756596943,35.5631959624326],[-93.08737711100669,35.56315804706263],[-93.08738944471511,35.56301987226948],[-93.0873942073789,35.56287760852238],[-93.08739181321441,35.56285052168856],[-93.08736388600487,35.562591947657715],[-93.0873501914793,35.56251532279379],[-93.08707055519696,35.5622590415648],[-93.08673486518875,35.562168273566456],[-93.08663848661702,35.56207976107359],[-93.0866180271367,35.5619463877908],[-93.08676076328389,35.561589469408545],[-93.08684495044994,35.56124746139991],[-93.08685574601364,35.561209001423514],[-93.0868836793907,35.56112763441722],[-93.08694933274013,35.56102334885798],[-93.0870884633135,35.560883960874165],[-93.08712379156101,35.56083409518014],[-93.08743145315528,35.56046665149351],[-93.08745418137259,35.56040415085342],[-93.08750284778769,35.56029249991654],[-93.08770401302975,35.5600034185045],[-93.0878107884439,35.55988999396558],[-93.08788218319617,35.55981623211421],[-93.08792399566181,35.55972822482321],[-93.08796940539892,35.559580785552605],[-93.08798559900943,35.55935627561707],[-93.08809277619861,35.55917654692117],[-93.08818075123226,35.55910878684526],[-93.08827703253566,35.559050921757226],[-93.08831164777477,35.55902441193497],[-93.08844289611763,35.55886678662502],[-93.08860794371364,35.55852743369926],[-93.08869912584046,35.558301966837874],[-93.08882894985254,35.55807724866882],[-93.08910758180151,35.557749219996516],[-93.08927833925804,35.557485861954696],[-93.08960377340723,35.55682052581403],[-93.08980613744161,35.55650091321855],[-93.08994828909165,35.556098348214604],[-93.0901391137225,35.55561677195829],[-93.09014683453928,35.555585648061985],[-93.0902779960291,35.555057609360986],[-93.09027471400826,35.554956698811495],[-93.09027068335608,35.55488481960321],[-93.09028121503833,35.554808069538076],[-93.09029614933229,35.5547590404504],[-93.09031936765041,35.554699150057296],[-93.09034854429454,35.554638434683135],[-93.0903900207772,35.55455962997221],[-93.09042199858604,35.55448205412034],[-93.09046831661,35.55440434938306],[-93.09052232532522,35.55432694812345],[-93.09057749917483,35.554270223759595],[-93.09062725097753,35.55420757141631],[-93.09066408624753,35.55415327814741],[-93.09072254778368,35.553997547038044],[-93.09075701394407,35.5538570693297],[-93.0907499678843,35.553805157879474],[-93.09073648687693,35.553727618844306],[-93.09070035322054,35.55366502024394],[-93.09065577584225,35.553590822698155],[-93.09060790326063,35.553503275810485],[-93.09053514573351,35.553443131945265],[-93.09048778272519,35.55342691234728],[-93.09042038389302,35.553431234978355],[-93.09033133166547,35.55344626028501],[-93.09021813026389,35.553494683098485],[-93.09007841704313,35.55355168147791],[-93.08998877217252,35.55360526110959],[-93.08990144436066,35.55362536026298],[-93.08982197871039,35.55361849021743],[-93.08972182564239,35.553621917158225],[-93.08960025190828,35.55363016128133],[-93.08949243502208,35.553641619413355],[-93.08927863515294,35.55366274513434],[-93.08916884733983,35.55366999457972],[-93.08906457780472,35.55367962294005],[-93.08895077216899,35.55368345244828],[-93.08882548402207,35.553685377884634],[-93.08872548910894,35.5536942670472],[-93.08865938317422,35.55370969079971],[-93.08857038827955,35.553733283250686],[-93.0883891044091,35.5537841166883],[-93.08821816446616,35.55381599026739],[-93.08809160235545,35.5538316094032],[-93.08795994192089,35.55385460591128],[-93.08769492418136,35.55395053553437],[-93.08766198244685,35.553975979121965],[-93.08736901764475,35.55414575636415],[-93.08724626304618,35.55419136741758],[-93.0869968062112,35.55430153680087],[-93.08689901165077,35.55431257512623],[-93.0868526646803,35.554314418152785],[-93.08677203489854,35.55430171859869],[-93.0866517370253,35.5542818125742],[-93.08655532949878,35.55426012563339],[-93.08643517291972,35.55424017150316],[-93.08632670602846,35.55423108472238],[-93.08619218356084,35.55422844531641],[-93.08590012299153,35.554245319137586],[-93.08580245902547,35.55422574418022],[-93.08564691608856,35.55412422221169],[-93.0853701289561,35.554040579325736],[-93.08532276335745,35.554041051960304],[-93.08527758700275,35.55403648544647],[-93.08521765519886,35.554026483310686],[-93.08493846025493,35.553928231515826]]}},{"type":"Feature","properties":{"name":"MG STAVE MILL FALLS","id":"2346","atv":"open","motorcycle":"open","fourwd_gt50":null,"other_wheeled_ohv":"open","seasonal":"yearlong","trail_class":"TC3 - DEVELOPED"},"geometry":{"type":"LineString","coordinates":[[-93.07695165878842,35.56691737435915],[-93.07676833388126,35.56691037353287],[-93.07672725114203,35.566896147155475],[-93.0766119166412,35.566821197930025],[-93.0765477943074,35.56678947951049],[-93.07644073764658,35.56670747478853],[-93.07629008884447,35.56642802332085],[-93.07627174911177,35.56639638487362],[-93.07624907729922,35.56635929863169],[-93.07622772111777,35.56632009896525],[-93.07616982367662,35.56626436791821],[-93.07610982847295,35.56617358435028],[-93.07589866700016,35.56596093754146],[-93.07585604155099,35.56592965604362],[-93.07581694203246,35.565905558539974],[-93.07578060548478,35.56587648573271],[-93.0757394826673,35.56584003042776],[-93.07569604120711,35.56581394023948],[-93.07565141427861,35.565791036342524],[-93.0756030760881,35.56577267190731],[-93.07555570641354,35.56575623639719],[-93.07551437442659,35.565731901253855],[-93.07538777705504,35.565673606137885],[-93.07535352156357,35.56565703070469],[-93.0753008003801,35.5656186484373],[-93.07525983378663,35.56560019450349],[-93.07524691898583,35.56559393422709],[-93.0752349751444,35.56558752637287],[-93.075125462387,35.56552046339903],[-93.07498827924019,35.56540136923612],[-93.07487991241281,35.5652596010184],[-93.07474601106911,35.56519782213975],[-93.07466143059985,35.56517447918398],[-93.07455129354423,35.565148305434974],[-93.07450145222384,35.56514578454743],[-93.07443668358647,35.5651359712163],[-93.07436930427023,35.56512758227976],[-93.07428684066905,35.56513429548231],[-93.07423277828696,35.5651387928985],[-93.07418439758457,35.56513219547877],[-93.07412869035936,35.56512045677273],[-93.07410002646411,35.56507109590204],[-93.07409303360694,35.56496809369371],[-93.07409302034246,35.56496806935705],[-93.07409663847287,35.564941397842496],[-93.07414559833923,35.564843711683295],[-93.07419566438718,35.56480532337628],[-93.07446794027244,35.56476115000594],[-93.0745502393184,35.564746382254626],[-93.07458822247682,35.56474690787276],[-93.07463683328307,35.564747198780324],[-93.07468844856031,35.564743516897565],[-93.07473929110698,35.5647419192074],[-93.07480733497894,35.564740191804916],[-93.07484981944673,35.56473964968747],[-93.07489176318734,35.56474147023943],[-93.07494607344796,35.56474278447223],[-93.07499595675178,35.564742059175096],[-93.0750444423032,35.56473938533899],[-93.07509295377658,35.56474084377381],[-93.07513515724436,35.5647407255109],[-93.07522815878755,35.56473984880983],[-93.07528450835244,35.564748264893105],[-93.07534474836855,35.564754943725475],[-93.0753956131895,35.564757104764055],[-93.07543984177096,35.56475246059948],[-93.07554136373031,35.564764770508646],[-93.07558699236743,35.56476216857379],[-93.07564152918854,35.56476969118018],[-93.07570534624293,35.56477458590841],[-93.07576003982732,35.56478098489468],[-93.07582639795858,35.56478788866323],[-93.07587244777785,35.56479543994564],[-93.07594390285367,35.564800989755554],[-93.0759921399564,35.56480749368917],[-93.07603127804863,35.56481102065156],[-93.07609040730311,35.56481574681673],[-93.07619342368268,35.564809502683026],[-93.07625345901221,35.564807332302074],[-93.07631757668094,35.564819625535705],[-93.07642545135454,35.564845467295896],[-93.07647471487154,35.56486251619767],[-93.07651849717142,35.56488640854866],[-93.07665665178958,35.56492218339979],[-93.07669944953837,35.564936488061555],[-93.07673531765813,35.56494541421042],[-93.07682899274192,35.5649458847286],[-93.07689234421467,35.564943730851105],[-93.07695469927219,35.56494394443303],[-93.07702127097073,35.564945451875694],[-93.07707625721359,35.564943792846535],[-93.07714665060246,35.56493403514546],[-93.07721767252843,35.56493071485094],[-93.0773616798573,35.56490836776791],[-93.07739378128278,35.564900725435876],[-93.07745199119175,35.56488797014507],[-93.07755956305061,35.56487622179336],[-93.07776891660691,35.56473626295556],[-93.07782210245286,35.56469193820957],[-93.0778954612918,35.564617848341655],[-93.07799308740577,35.56449507023727],[-93.07805125925798,35.564392256904085],[-93.07806483182888,35.5643473752148],[-93.07808540808875,35.56429204055429],[-93.07809592514303,35.56424954482821],[-93.07810534278104,35.56421240477066],[-93.07811017602972,35.564133862562436],[-93.07811866531847,35.56409983653592],[-93.07813598507413,35.56406384097102],[-93.07816171542014,35.56402646131331],[-93.0781952111266,35.563994850843294],[-93.07823337782378,35.5639642958816],[-93.0782668908488,35.56394260814661],[-93.07836850413213,35.56390424774502],[-93.07840222505413,35.56390233504077],[-93.07843447224225,35.563905502335686],[-93.07846641079922,35.56391128734138],[-93.07849339481622,35.563918353216295],[-93.07855307347728,35.563944952084576],[-93.07859708546299,35.56396888771598],[-93.0786441080587,35.564002112971934],[-93.07868961751592,35.56404182032768],[-93.07873052222463,35.56407260243756],[-93.07876091002335,35.564094861702394],[-93.0788111690695,35.56412219784123],[-93.07884732214261,35.5641461574523],[-93.0788860862514,35.564160124051824],[-93.0790286463586,35.56419193411854],[-93.07908420412505,35.564205353157476],[-93.07918547279263,35.564211591995],[-93.07925112223457,35.56420610012936],[-93.07943520220697,35.56416125666174],[-93.07949948923971,35.56413947977926],[-93.07954118168274,35.56411613084977],[-93.07961296453269,35.56406517124985],[-93.0796390976705,35.564040769502654],[-93.07966384269655,35.56401089559179],[-93.07969294879867,35.563961040716535],[-93.07970799429097,35.56392805436585],[-93.07977041723647,35.56379935433709],[-93.07979788008109,35.56374837074225],[-93.07982206642934,35.5636983026915],[-93.07984778227136,35.563642758743796],[-93.07987034235855,35.56356078742642],[-93.07989099322852,35.56351759325239],[-93.07996937349479,35.56335153217729],[-93.08000787185478,35.563290385815186],[-93.08006877942792,35.563223389017125],[-93.08016612403816,35.56316092134841],[-93.08025668316456,35.563129429235],[-93.08030402478023,35.56311611626118],[-93.08034688327083,35.56310314708389],[-93.08038325699212,35.56307954262761],[-93.0804770064482,35.56304949268059],[-93.08051696187277,35.56305002142666],[-93.080565609027,35.56304463487243],[-93.08062077279338,35.56305632949565],[-93.08067524639087,35.5630741233833],[-93.08071611940579,35.563098343466095],[-93.08076553256683,35.56313932237755],[-93.0807811782391,35.563157393784124],[-93.08082189179831,35.563195275888745],[-93.08086334607195,35.563222409696294],[-93.08090536991253,35.56323870425334],[-93.0809557430402,35.563255297049146],[-93.08101042626895,35.563269563350275],[-93.08105227128884,35.563272597263754],[-93.08109918907341,35.56327019254463],[-93.08122243779007,35.563236701274874],[-93.08126685692584,35.563216478668735],[-93.0813000083374,35.563210438640404],[-93.08139192044162,35.563185984021494],[-93.08144912534523,35.563173166163935],[-93.08146485081706,35.56316961652428],[-93.08150440703218,35.56316596962568],[-93.08152875711032,35.56315566432082],[-93.08157090814586,35.563157994552704],[-93.08160932844036,35.56315283991111],[-93.08163505939565,35.56315384587557],[-93.08168169448032,35.563081722971745],[-93.08174317860569,35.56303634042981],[-93.08180166692392,35.5630063719624],[-93.08184529190156,35.56297807802147],[-93.0819008410881,35.56292702978934],[-93.08194292860085,35.56288224098809],[-93.08198080780129,35.56283676706684],[-93.08200828439668,35.562793394765684],[-93.08203515350102,35.56274731879301],[-93.08205951489263,35.562701755762035],[-93.08208455200861,35.562653361955036],[-93.082108510357,35.56260542151045],[-93.08213431520845,35.56255031881902],[-93.08215686244374,35.56250374534029],[-93.08217968952754,35.562456772230824],[-93.08220406497848,35.562414337017664],[-93.08222902542893,35.56236452041119],[-93.0822492597473,35.562313693557435],[-93.08226779881231,35.562249620667046],[-93.08228563550927,35.562201220907795],[-93.08230132207231,35.562152280715566],[-93.08231629515217,35.56208438630976],[-93.08232350287341,35.56205943155233],[-93.08232478554355,35.56201454243054],[-93.08232529228763,35.56196515455432],[-93.08233076437998,35.56189825665447],[-93.08233013128489,35.561861860674576],[-93.08232819825393,35.56182433309701],[-93.08232634923182,35.561776155954036],[-93.08232948638555,35.561743789623094],[-93.08233506453638,35.5616975315505],[-93.08234582188415,35.56164543619897],[-93.08235920756692,35.561599715591306],[-93.08237868221597,35.561556227840555],[-93.08240151464997,35.56151810357122],[-93.08242883258944,35.56147993836111],[-93.08244977557193,35.561445848499886],[-93.0824726820904,35.56140685947365],[-93.0824935162939,35.56136464391723],[-93.0825152152851,35.56131459774791],[-93.08253758025653,35.56126300567284],[-93.08255710263383,35.56121888759777],[-93.08257108340058,35.561179044478955],[-93.08258737972241,35.56111604243262],[-93.08259353516152,35.56107444913801],[-93.08259488586006,35.56103257150472],[-93.08259543615937,35.561023651002984],[-93.08260053866417,35.56094096886941],[-93.08259169863199,35.56089768801966],[-93.0825795283516,35.56085329409616],[-93.08256774412486,35.560820570997336],[-93.08255212377921,35.56078302573957],[-93.08253537451533,35.56075291453973],[-93.08251530928352,35.560722694702584],[-93.08248543015124,35.560689410521384],[-93.0824676585097,35.56066407249901],[-93.08244646330363,35.560634842544154],[-93.08242506840678,35.56060778572329],[-93.0823959986435,35.560583577078596],[-93.08236765957528,35.56056279423676],[-93.08234075192811,35.56054008266093],[-93.08228139047314,35.56050302347046],[-93.08223960587254,35.56048107761479],[-93.0822000085433,35.560451779016674],[-93.08215185652264,35.56042169367511],[-93.08211174152133,35.56039001862376],[-93.0820721945188,35.56036020690415],[-93.08198164248195,35.56029846690517],[-93.0818910750866,35.560182439680446],[-93.08189439053585,35.56015709987039],[-93.0818979392256,35.56012349167602],[-93.08194464604945,35.56006525956674],[-93.08196801146929,35.560037124503474],[-93.08201029806942,35.56000081113059],[-93.08203596151365,35.559977697640875],[-93.0820966693599,35.55994077480307],[-93.08218357016757,35.559888300278146],[-93.08221603874048,35.55986764815225],[-93.08224119500576,35.55985366968595],[-93.08225424372334,35.559844492701615],[-93.08231469223928,35.55978616000344],[-93.08232421933799,35.55977430658246],[-93.0823354278291,35.559760057202446],[-93.08234252150575,35.559747874532306],[-93.08244858513936,35.55936551334334],[-93.08244833431485,35.55934685906094],[-93.08267913264166,35.559344831875485],[-93.08279187432755,35.559383121068414],[-93.08289017233577,35.559539445638364],[-93.08289281764705,35.559735931860914],[-93.08281530874281,35.559933137682],[-93.08276862776682,35.560038362847884],[-93.0827075024881,35.560261622539656],[-93.08270997061368,35.560445010444916],[-93.08287362594679,35.56069245161027],[-93.0830052206373,35.560940181510254],[-93.08313575841395,35.56110931606676],[-93.08321891147513,35.561331279904536],[-93.08331703582977,35.561474505776346],[-93.08332021065968,35.561710288613384],[-93.08330788288467,35.56198551265133],[-93.08319937181085,35.5622616019573],[-93.08308859620747,35.56247621212424],[-93.0830431180128,35.56256432211521],[-93.0830147590658,35.5628396905713],[-93.08302163537,35.56335055372817],[-93.0832194770834,35.56375489563277],[-93.08330492475675,35.56414714699727],[-93.08342137719217,35.56446051586423],[-93.08346049639259,35.56498418986429],[-93.08354577074428,35.565363341785876],[-93.0836000394847,35.56582137607144],[-93.08347143210187,35.56616314904497],[-93.08323924954895,35.56641414942836],[-93.08309708004931,35.566572634798995],[-93.08272887782131,35.56661524617574],[-93.08241204069108,35.5667111445622],[-93.08232188820394,35.56668261814126],[-93.08218675894098,35.56663985807002],[-93.08186314373526,35.56657682413164],[-93.08138115043562,35.56654874366891],[-93.08104342600718,35.56647316955901],[-93.08085994652525,35.56647751252325],[-93.08066352781321,35.56645840719582],[-93.08049151790257,35.56658912392085],[-93.08081690321369,35.56678399828765],[-93.08122209241023,35.56691224130727],[-93.08162728179309,35.567040483863025],[-93.08180988390738,35.567113033834474],[-93.0820404112704,35.56722605075672],[-93.0823404215341,35.56741779146082],[-93.0823897702446,35.56747218190064],[-93.08245398043152,35.567516862106125],[-93.08248600003803,35.5675892822131],[-93.08253696029672,35.56766966271787],[-93.0825429429463,35.56770871850031],[-93.08254836122344,35.567744092292294],[-93.08257644075347,35.56779120279075],[-93.08257350063104,35.56786085256945],[-93.08256328040406,35.56788641259118],[-93.08257056981917,35.56789010259836],[-93.08260544086738,35.56793419238716],[-93.08257996098001,35.56796965226282],[-93.08258666058092,35.56808037232402],[-93.08257736024554,35.5681549720568],[-93.08255112088186,35.568251611822845],[-93.08254775268888,35.56831279711262],[-93.08257677058617,35.568344992620005],[-93.08264089084457,35.56842168258146],[-93.08269462115143,35.56849829217401],[-93.0827230403654,35.568508352324464],[-93.0827942148894,35.56856149143557],[-93.0828569008152,35.56861237227242],[-93.08286046129679,35.56862026475243],[-93.08287977752376,35.56872268535766],[-93.08288172379451,35.56873300350787],[-93.08290207067408,35.56881387284561],[-93.0829392395837,35.56887905165767],[-93.08300023098255,35.568925852673964],[-93.08312573824222,35.56895055641509],[-93.0832093922972,35.568986395555925],[-93.08324657126506,35.56902577329092],[-93.08330172104895,35.56905267316214],[-93.08335319186266,35.56913205300852],[-93.08337129032913,35.56921939231757],[-93.083405103208,35.56926690799894],[-93.0834355806265,35.569299022938274],[-93.08347751256126,35.56941784879487],[-93.08347160784365,35.56945449179574],[-93.08347422046106,35.56951452334245],[-93.08347909024822,35.56955575283469],[-93.08351513111803,35.56959976309296],[-93.08351404112497,35.56962029281894],[-93.08351823114306,35.569647703053185],[-93.08351270089845,35.56973680250861],[-93.08354312040525,35.5697767023814],[-93.08354497122527,35.56981828200152],[-93.08357347767513,35.56989266623501],[-93.08359023087785,35.569939232515544],[-93.08361390098693,35.57004389328826],[-93.08363088056566,35.57013939333354],[-93.08362241022002,35.57020063537084],[-93.08363356037569,35.57027987262936],[-93.08365779004214,35.570379113128006],[-93.08368008107014,35.570439372648345],[-93.08366139003374,35.57052252307184],[-93.08365890739854,35.57052612241332],[-93.08362688763194,35.57057251243304],[-93.08328862607331,35.57056358124117],[-93.08328892734582,35.570585967417855],[-93.08337494820887,35.570980823680095],[-93.08368686126805,35.57110348651391],[-93.0836947002524,35.571107888379835],[-93.08382230963548,35.571204131133804],[-93.08384053727949,35.57121643601827],[-93.08385350523332,35.571236189554384],[-93.08386607237786,35.57126421247976],[-93.08388247020491,35.57128914906566],[-93.0838831676794,35.57129020983263],[-93.08380505767117,35.57151831076779],[-93.08368599050567,35.571775211107536],[-93.08366482124256,35.571820886695],[-93.08353532320746,35.571730346280916],[-93.08337552418384,35.57177108474026],[-93.08318542334378,35.571943101950986],[-93.08301241251098,35.572193568517804],[-93.08290265112984,35.57237796379484],[-93.08245496259906,35.572473690649716],[-93.08211615539422,35.572319525506366],[-93.08184218615958,35.5722171806103],[-93.08161473162384,35.571996510508605],[-93.08137556485396,35.57174215830181],[-93.08129730906138,35.57161276267204],[-93.08128716002513,35.57157638127692],[-93.08124267649573,35.57148163250949],[-93.08118203202393,35.571385814420886],[-93.0811453546134,35.5713317170504],[-93.0811156274992,35.57126100193002],[-93.08106208829075,35.57113889834922],[-93.08104733911253,35.57104719875166],[-93.08103562650389,35.570849746060695],[-93.08096627010026,35.570756293349824],[-93.08091769456027,35.57070360958044],[-93.080863964873,35.57063948449306],[-93.08081302318836,35.570540450692306],[-93.08077799065612,35.57049175393748],[-93.08076085253194,35.57046260487112],[-93.08073144366091,35.57037734026497],[-93.08072386593615,35.570351513714655],[-93.08070374085821,35.57030845133825],[-93.08064921509309,35.570214865881425],[-93.0805504196852,35.570053242853675],[-93.08057348765416,35.56993627055612],[-93.08057668480104,35.56980739611175],[-93.0805949337377,35.56969851851365],[-93.08062265826943,35.56956137207389],[-93.08060652490154,35.56946085600023],[-93.08051149961807,35.56935701952824],[-93.08047587163477,35.56927278418304],[-93.08039086365318,35.56918093840036],[-93.08024156051896,35.56907417594188],[-93.08020178617335,35.56904573432718],[-93.08013315634774,35.56896902082628],[-93.08012674191811,35.56896185058846],[-93.08008061248346,35.56882939325686],[-93.08006886512001,35.56868857272786],[-93.08005760519646,35.5685839859445],[-93.08002149285805,35.568463517602694],[-93.07996085129751,35.56835132020873],[-93.07992993703013,35.568250937353476],[-93.07988028488683,35.56822319645457],[-93.07968769013738,35.568192709876016],[-93.07952931526422,35.56814178415144],[-93.07942086064065,35.568138728692745],[-93.07932220703202,35.56813155872895],[-93.07912896488047,35.568052759881],[-93.07886663138086,35.56796652667607],[-93.07874253199908,35.56789918712686],[-93.0786216491146,35.56776576003975],[-93.07850205600722,35.56759091697422],[-93.07847204851818,35.56756725262514],[-93.0783809829145,35.56750378726255],[-93.0782865060131,35.56745239996872],[-93.07824352805714,35.567426936156984],[-93.078062503581,35.567374127907016],[-93.07780670878233,35.567337165635784],[-93.07768204965188,35.567323663426976],[-93.07763584829395,35.567321997166324],[-93.07737218071077,35.56723287173741],[-93.0772284049457,35.56714895451707],[-93.07710550634921,35.567008743998535],[-93.07706413021482,35.56696827602905],[-93.07695566608406,35.56691890281897]]}},{"type":"Feature","properties":{"name":"MG HIGH MTN LOOP","id":"2307","atv":"open","motorcycle":"open","fourwd_gt50":null,"other_wheeled_ohv":"open","seasonal":"yearlong","trail_class":"TC3 - DEVELOPED"},"geometry":{"type":"LineString","coordinates":[[-93.10131613929903,35.57199950853789],[-93.10134625985835,35.57197399063091],[-93.101413721856,35.57191686883689],[-93.10146472669689,35.57187627292839],[-93.10150155558489,35.5718469533537],[-93.10163570156205,35.5717593587238],[-93.10181840914385,35.57165357525844],[-93.10185708188146,35.57163120309896],[-93.1019342652407,35.57159531136279],[-93.10198676569118,35.571568329010425],[-93.10208319682106,35.571521147457524],[-93.10213202087871,35.57149660894425],[-93.10235517902728,35.57162554980113],[-93.10257578386921,35.57162353193028],[-93.10287447005784,35.57156929692686],[-93.10321972288429,35.57146312997302],[-93.10351911437007,35.57146038919022],[-93.1038339084435,35.57143175499622],[-93.10394279737427,35.571327752230474],[-93.10387800094844,35.571199587729836],[-93.1039714859086,35.57112147761034],[-93.1039847696309,35.570941094767655],[-93.10404620936079,35.57082465115878],[-93.10416908607874,35.57059176203984],[-93.10426203995253,35.57047502869732],[-93.10473122128927,35.57021321403822],[-93.10518623449846,35.57006740829924],[-93.10540488929576,35.56992377063634],[-93.10579634001911,35.569739918557254],[-93.10609572498993,35.56973717138588],[-93.10636359556007,35.56973471276046],[-93.1068664053597,35.5696270888252],[-93.10729167001011,35.56961030632435],[-93.1075908761043,35.56959468081434],[-93.10790477721451,35.56950166556439],[-93.1081237791345,35.56938376951762],[-93.10821672587437,35.56926703401652],[-93.10840243897918,35.56902068726743],[-93.10855575225354,35.56871025875166],[-93.10874305973597,35.56857977859916],[-93.10897639582119,35.56835874352596],[-93.1092582431318,35.56822739262927],[-93.1093202056678,35.56814956747383],[-93.1094432416711,35.56792954753627],[-93.10956680962416,35.567748149545665],[-93.10966046260445,35.56768290781092],[-93.10983272003178,35.567604066827734],[-93.10995877414672,35.56760290599909],[-93.11009880711329,35.56747285905039],[-93.11022486101696,35.56747169704222],[-93.11036773600853,35.56754763569621],[-93.1104782115111,35.567559493213174],[-93.11051347232028,35.56753002623703],[-93.11052494703922,35.56752043559082],[-93.11053801414774,35.567518061264],[-93.11070013929029,35.567576818792276],[-93.11107485225395,35.567907121508775],[-93.11129117892509,35.568066081942334],[-93.11140241311617,35.568297765960864],[-93.11159416387179,35.568489133427555],[-93.11184840859649,35.56864129710087],[-93.11203909249367,35.568755418824324],[-93.11221366454419,35.56884393911454],[-93.1124041725438,35.56894518563361],[-93.11245144195308,35.5689447493303],[-93.11264052620592,35.568943003925476],[-93.11279951979289,35.569044541640885],[-93.11284785987782,35.569121349287],[-93.11299074026873,35.56919728480165],[-93.11316477996047,35.56924718075158],[-93.11338680320179,35.56934813464121],[-93.11381473832053,35.56952444027521],[-93.11398953073974,35.56956886666176],[-93.11407412275061,35.569631108394404],[-93.11416097802284,35.569710254925326],[-93.1141757959376,35.569728310132135],[-93.11421169584726,35.569739658665874],[-93.11432342306547,35.569841632247524],[-93.11437211950717,35.56994418759796],[-93.11443675439158,35.570059471841255],[-93.11431105422155,35.57008638568417],[-93.11418446143604,35.57004892903029],[-93.11399377143478,35.56993480983435],[-93.11392342173363,35.56989270936639],[-93.11389480496311,35.56989353076653],[-93.1138257127184,35.56988994250037],[-93.11377150544371,35.56989020916547],[-93.11370415214388,35.56988016060769],[-93.11360409000082,35.56987716225179],[-93.11352069742325,35.56987889084172],[-93.11348769335567,35.569883211105314],[-93.11345094676017,35.569889668206194],[-93.11342222417497,35.5698937157284],[-93.1134086344832,35.56989666611697],[-93.11336234571952,35.5698971875315],[-93.11323200022838,35.56990509224407],[-93.11318021778796,35.569907134436626],[-93.11271277629181,35.5699254585744],[-93.11224961090018,35.56986463383034],[-93.1122366406931,35.569860761560655],[-93.11172448652408,35.56977080091773],[-93.11156628286521,35.56989284717124],[-93.11125060743356,35.56985713115404],[-93.1110300076935,35.56985916489077],[-93.11077771579285,35.56984861494801],[-93.11052560165592,35.569850938196794],[-93.11021170333667,35.56994396116313],[-93.10996136497677,35.57007502403864],[-93.10975723160698,35.570128407017854],[-93.10960232451087,35.57032296989488],[-93.10940174180077,35.57063383478446],[-93.10932597322338,35.570853419507586],[-93.10920133503213,35.57095757214494],[-93.10892107509497,35.5712047908519],[-93.10865497376318,35.571335995973726],[-93.10839046782313,35.571583067592],[-93.10817323249557,35.571829704894625],[-93.10797193132981,35.57208907066437],[-93.10780196699247,35.57233527180948],[-93.10783685173026,35.57257959001215],[-93.10788443388002,35.57275153965822],[-93.10795183564437,35.57275615081185],[-93.10802778938293,35.57274107016297],[-93.1080998802794,35.572746407374986],[-93.10815608192352,35.57274972105257],[-93.10820878828319,35.57276277935731],[-93.10825772113097,35.57277563905623],[-93.10832574863514,35.57278267129288],[-93.10846950875892,35.57276699022575],[-93.10884744026541,35.572773953013375],[-93.10887950692852,35.57278456272166],[-93.10891849119173,35.5728034199512],[-93.10900564523651,35.57283792247511],[-93.10908930036163,35.57287773345908],[-93.10919471276982,35.57289756917915],[-93.10927906613398,35.572913440372496],[-93.10931942981858,35.57291423690876],[-93.10938984604513,35.57291417213147],[-93.10945404101335,35.57291479641869],[-93.10952596615304,35.572906009353495],[-93.10959645718741,35.57289686198426],[-93.10972594321574,35.57287804109962],[-93.10978276001394,35.57286376481163],[-93.10984937829292,35.57286182146384],[-93.10999802535893,35.57287299181481],[-93.11006635024967,35.5728891042992],[-93.11013481263836,35.572904864972514],[-93.11019883383496,35.572915599315515],[-93.11041880811283,35.572971994216864],[-93.11057264258383,35.57296558037891],[-93.1106826888976,35.57293598795533],[-93.11084778613511,35.57290906242228],[-93.11092194725236,35.57288841656447],[-93.11099715629346,35.57286502685177],[-93.11106041213823,35.5728617127052],[-93.1111238586618,35.57287021097397],[-93.11118865584808,35.57289774918177],[-93.11125873135009,35.57294340581327],[-93.11131120098469,35.572972365524805],[-93.11145451006814,35.572981808725864],[-93.11151996023759,35.57299460764631],[-93.1115926604287,35.573017193631536],[-93.11172420299862,35.5730768282879],[-93.11189994699414,35.57315242530975],[-93.11195547799596,35.57316916713469],[-93.1120919672704,35.57321040386897],[-93.11220604986545,35.57327223263661],[-93.11224052668007,35.573285433276546],[-93.11230378315715,35.57332349196244],[-93.11234817480339,35.573336579643886],[-93.1124471539778,35.57338290201504],[-93.11247633659791,35.57340385727701],[-93.11250702744331,35.57342844119984],[-93.11257968665633,35.57345833456483],[-93.11279708840925,35.57363217119287],[-93.11314180126426,35.573987214141304],[-93.1132981016046,35.57411542918445],[-93.1136220261364,35.57424847141465],[-93.11396314184628,35.57434945880908],[-93.11399735027751,35.574365884427806],[-93.11408619339444,35.57440657876411],[-93.11430863431076,35.57465085710307],[-93.11450757504525,35.57476448096869],[-93.11455301519237,35.574776786904],[-93.1145750747837,35.57478064487194],[-93.1146147224835,35.57479566577118],[-93.11466802586324,35.57482482609083],[-93.11490052556194,35.57493886369808],[-93.11493367937881,35.574951446286796],[-93.11499755693356,35.57498055490147],[-93.11502518734419,35.57499258190265],[-93.11507784599333,35.57499979990947],[-93.11511667869593,35.57500352635288],[-93.1151577393341,35.575007022536056],[-93.1152505636752,35.57499467759213],[-93.11532495080247,35.57499641698058],[-93.11563494781846,35.57501904737494],[-93.11567099712258,35.57503426343062],[-93.11571301083468,35.57504891201763],[-93.11578285099473,35.57508132808441],[-93.1157995239204,35.57508831885259],[-93.11581634856749,35.57509797026497],[-93.1160639516966,35.575188142260146],[-93.11609076692628,35.57520106244252],[-93.11611427427796,35.57521457368605],[-93.11613527924047,35.57522243844953],[-93.11614324085768,35.57522542247977],[-93.11614391997057,35.57522567789628],[-93.11617163972991,35.57523520244744],[-93.11620623103576,35.57524869938428],[-93.11620625974885,35.5752487119798],[-93.11622466837927,35.575259240924304],[-93.11624938794718,35.5752737716492],[-93.11628217325507,35.575302989807824],[-93.11644241170552,35.575462779307344],[-93.11649059574107,35.575492285490036],[-93.11658054811774,35.57554578495467],[-93.11664299294307,35.57557098358945],[-93.11670250515837,35.57562112668754],[-93.1168527302633,35.57576631666688],[-93.11698349224329,35.57591485516608],[-93.11715099900852,35.57618097004188],[-93.1171914463224,35.576285742117854],[-93.11718103665105,35.57637824968773],[-93.11719427402677,35.576397204990776],[-93.11720092425873,35.576406742571315],[-93.1172349220396,35.576422974514344],[-93.11727946276868,35.57644424276871],[-93.11734656491993,35.57646871337382],[-93.1174163429966,35.576471661472816],[-93.11749819614762,35.57646770999983],[-93.11754266382627,35.5764653520935],[-93.11756262378756,35.576462440111705],[-93.11759710406147,35.57646665509079],[-93.11763161145801,35.576475830953726],[-93.11765378101727,35.57648578976638],[-93.11767194473988,35.57649682275285],[-93.11769105782884,35.576503470950435],[-93.11772897714228,35.57652351834664],[-93.11777138414884,35.576537645571044],[-93.11783273426099,35.576547077367394],[-93.117862086678,35.5765526155063],[-93.1179299548453,35.57656490454458],[-93.11800203106138,35.576585296228885],[-93.1180514850888,35.5766047028745],[-93.1181374223471,35.576658170834285],[-93.11816206823457,35.57667536022327],[-93.1183509619411,35.576794422737755],[-93.1184046881718,35.576825611510635],[-93.11845250784516,35.576848724506895],[-93.11849979167367,35.576871435871546],[-93.11862746477865,35.576921836481844],[-93.11868535495508,35.576943025255694],[-93.11871635684378,35.57695704976598],[-93.11874528168201,35.57697036129984],[-93.11881699826195,35.57701364413034],[-93.11885100619297,35.57703037602531],[-93.11888499168492,35.57704685096036],[-93.11898005688083,35.577139549446436],[-93.11902501547269,35.577164423270034],[-93.11905937864063,35.577179492098516],[-93.11912147010896,35.577183061731475],[-93.11918377016649,35.577186623912944],[-93.1192561990562,35.577223956639834],[-93.11928888871307,35.57724842864082],[-93.11933050276657,35.57728334741878],[-93.1193625944496,35.57730198446427],[-93.11939028467152,35.57731838434007],[-93.11941372504192,35.57733282370785],[-93.1194385499048,35.57735055455229],[-93.11946385107647,35.57737092767754],[-93.1195230183,35.57740667023767],[-93.11953071267612,35.57741155139502],[-93.11959193711222,35.57744499535959],[-93.11967184908781,35.57754372057691],[-93.11973336466889,35.57759099560461],[-93.11983967268648,35.577672708162915],[-93.11990185658041,35.57774023817251],[-93.11990766773717,35.57775300346756],[-93.11991840874245,35.57776482072461],[-93.12014618457125,35.578031453843366],[-93.12017061365344,35.578072134813546],[-93.12018134846791,35.57815511445633],[-93.12019709188667,35.57819157710993],[-93.12025321160081,35.57829965058945],[-93.1202606786824,35.57830670401856],[-93.12037430950322,35.57856064065759],[-93.12045548182085,35.578736803811005],[-93.12054724457457,35.57889607999582],[-93.12070612426885,35.57930063344085],[-93.12077778538885,35.5794416277249],[-93.12084204275561,35.579508927932416],[-93.12090957395662,35.57956823433574],[-93.12091538851918,35.57957572758552],[-93.12092427181734,35.57958717422801],[-93.12097162482596,35.579650686328364],[-93.12109398157575,35.57983732009915],[-93.12130544918463,35.58004788424051],[-93.1213206098556,35.58005376491822],[-93.12133971528459,35.580064818937885],[-93.12136518484886,35.58008545386627],[-93.12138713454016,35.58009575844262],[-93.12142250254936,35.58011878360147],[-93.12156400435867,35.58020927103771],[-93.12184967306081,35.5802662044659],[-93.1219404586558,35.58029629472714],[-93.12198383466408,35.58031949916376],[-93.12200117800627,35.58035264906387],[-93.12233068288396,35.58079208927764],[-93.12258294960363,35.58130512552073],[-93.12260517126603,35.58134654577331],[-93.12263780870194,35.581418252897365],[-93.12266940525252,35.581515212871395],[-93.12268068451463,35.581556590144366],[-93.12269744924014,35.58155809056909],[-93.1228104604194,35.58175017354275],[-93.12283216086264,35.581778258777774],[-93.12293887169515,35.58191636134644],[-93.12310812143086,35.58199491406095],[-93.12312924439604,35.58200471693758],[-93.12349099328198,35.58194984352676],[-93.12369496649974,35.58188356278394],[-93.12389871237349,35.58179458632731],[-93.12408661437524,35.58171252711739],[-93.12412631246431,35.58171678263899],[-93.12430760608746,35.581736216766885],[-93.1243436422078,35.58180130265896],[-93.12433417273691,35.581865252512706],[-93.12427960265548,35.58194379349817],[-93.12414524267886,35.58203289301079],[-93.12409671283491,35.5820697738559],[-93.12403309199298,35.58220220254044],[-93.12399814203054,35.582280322868534],[-93.12395891239014,35.58236607289714],[-93.12391834238665,35.58247310338664],[-93.12384425276694,35.58258676302091],[-93.12377568276752,35.582678882675054],[-93.12372581338383,35.58276806262944],[-93.12361710270525,35.58283780279371],[-93.12354769190357,35.58292321304877],[-93.12346052279423,35.58297493302207],[-93.12342431235398,35.58299681363729],[-93.12336790310852,35.58307551386997],[-93.12332951314966,35.5831531334886],[-93.1232322021644,35.583284723391046],[-93.12314025220944,35.58338916336629],[-93.12309691237374,35.58347600289331],[-93.12306062312291,35.58355119301697],[-93.12303665273627,35.58363492366848],[-93.12301754139264,35.583702983975634],[-93.1229488916579,35.58376945290261],[-93.12285384225764,35.583852772707715],[-93.12276340304078,35.58391580317673],[-93.12268411302945,35.58397388295602],[-93.12255192242002,35.584082603913174],[-93.12254061235657,35.58408930389918],[-93.12245729225687,35.58410758310094],[-93.12230910286348,35.584110933539904],[-93.12220190204182,35.58411068341068],[-93.1221913318162,35.58411470379263],[-93.12209494235832,35.58418712332814],[-93.12202638189035,35.58422517322869],[-93.12195714206727,35.58430950309515],[-93.12191004190518,35.584390383334856],[-93.12191264143551,35.58450262339901],[-93.12187249240775,35.58459423351463],[-93.12177073286209,35.584739993531834],[-93.12166973143157,35.58484720328076],[-93.1215600922417,35.584933704298116],[-93.12150250213503,35.584955447198325],[-93.12149639176864,35.58495775438449],[-93.12139690240352,35.58501777329393],[-93.12128944254586,35.58504710415485],[-93.12126790222611,35.58504199360053],[-93.12119540273767,35.585055403819034],[-93.12106279120225,35.585029253803604],[-93.1208831718479,35.58507141429132],[-93.12076130211801,35.585136964238444],[-93.12068879225859,35.585195804113994],[-93.12065158193377,35.585355814121634],[-93.12064303204163,35.585390433656194],[-93.12058871189652,35.58554985394885],[-93.12060791223622,35.585584383499565],[-93.12063163130613,35.585716653466925],[-93.12062794271434,35.585747753477214],[-93.12075669245957,35.58581757414314],[-93.1208111726825,35.58585227388706],[-93.12089834206887,35.585870963475145],[-93.12097784503989,35.58587457959398],[-93.12112130187735,35.585881104171975],[-93.12118148181725,35.5859242735882],[-93.12116170276826,35.58596668393439],[-93.1209705928148,35.585966854249264],[-93.12096104203826,35.585972974358064],[-93.12087277882942,35.58597569393475],[-93.12083321286715,35.58597691387352],[-93.12069567200821,35.585981274133786],[-93.12057354159032,35.5859888133903],[-93.12047514266288,35.58597490365178],[-93.12043281134325,35.58604371346667],[-93.12049199164,35.58611236412586],[-93.1205251826365,35.586151254535295],[-93.1206724524963,35.58620783397865],[-93.12067951876439,35.58620913340374],[-93.12084797313291,35.58624010422261],[-93.12098610133557,35.58628763440952],[-93.12112289270253,35.58636868394465],[-93.12120051221848,35.586375384570616],[-93.12136982228797,35.58638787435689],[-93.12153419170316,35.58639592372256],[-93.12171264218715,35.586410424421736],[-93.12184315186734,35.5864697630935],[-93.12187140275083,35.586568923912104],[-93.12184860299179,35.586652993929775],[-93.12183435199526,35.58667428381146],[-93.12178842297097,35.5867700040477],[-93.12177132328014,35.5868279238707],[-93.12176218265358,35.586881153351065],[-93.12167149291426,35.58704552394981],[-93.12162941189165,35.587146694352455],[-93.12155087224716,35.58725766374028],[-93.1215274014804,35.5872910234311],[-93.1213848322085,35.58738498349329],[-93.12137510245645,35.587393284017864],[-93.12130947211908,35.58740376421578],[-93.12127813198617,35.587431923812645],[-93.12120470238342,35.58747266416053],[-93.12111367303518,35.587561513771185],[-93.12105634195285,35.58762320405538],[-93.12102038300034,35.58768346356659],[-93.12104938178437,35.587732084191856],[-93.1211435124613,35.58786409482874],[-93.12125692208652,35.58788798467159],[-93.12141735287622,35.58792386415538],[-93.12155104191088,35.587935934222266],[-93.12168331200638,35.58798848451092],[-93.12180568173225,35.58801530418852],[-93.12197064209502,35.588068704742994],[-93.1220707222946,35.588051764101145],[-93.12213124217051,35.58806442425476],[-93.12227607282814,35.58807238420105],[-93.12242552254986,35.58805755443901],[-93.12256332305387,35.58808730428358],[-93.12271797289137,35.58811010398483],[-93.12281235278287,35.58813433452875],[-93.12299885293635,35.588175404122836],[-93.12305945299192,35.58814941425214],[-93.12322055316423,35.588087474519575],[-93.12323639324632,35.588084714586266],[-93.12337997220034,35.58809116421221],[-93.12346178283741,35.58817640412818],[-93.12355029330664,35.588292164479384],[-93.12359522354004,35.58851051476817],[-93.12357024227272,35.588546134144245],[-93.12350863345932,35.58856080501608],[-93.12332993343985,35.5886021242399],[-93.12319591257062,35.58861788428888],[-93.12303732281379,35.58871896409968],[-93.12298317242525,35.58874160493868],[-93.12291855320913,35.588783004557285],[-93.12268785756353,35.58886717383312],[-93.12254621121153,35.58890636864134],[-93.12250318611238,35.58895435882188],[-93.12226568232734,35.589286213607686],[-93.12194651566708,35.589552913072886],[-93.12114588984994,35.590021901513005],[-93.1206625646091,35.59009233137549],[-93.12009852693379,35.59016350968204],[-93.1196913222765,35.58990351391953],[-93.11920527375686,35.58977619495098],[-93.11909134857456,35.589663462667296],[-93.11895198159964,35.589595793985836],[-93.11888970262767,35.5895652045526],[-93.11878283216834,35.58949161490203],[-93.11870522125437,35.58943805457405],[-93.11861427141078,35.589347694525664],[-93.11859592083417,35.589333274371086],[-93.11856783354494,35.589313800094054],[-93.11855845122871,35.589307294861094],[-93.11848217213988,35.58929212467489],[-93.11832803219575,35.589272254834526],[-93.11818478176758,35.58921936540636],[-93.11816093549409,35.58918406011292],[-93.11804351494203,35.58918514895756],[-93.11786710007189,35.58919708821249],[-93.11774246664405,35.58906448720963],[-93.11725273352666,35.58867341880899],[-93.11668321013477,35.58834902556612],[-93.11635856633494,35.588220154668605],[-93.11611826576528,35.58835425435601],[-93.11604029953644,35.58855276766229],[-93.11588348060754,35.588883885724094],[-93.11588805525973,35.589213511338166],[-93.11582200157602,35.58929793373916],[-93.11574385179132,35.58930946344594],[-93.11568880970287,35.58927180093357],[-93.11557030137861,35.58915130464682],[-93.11554960064923,35.5890557543955],[-93.11550551079722,35.58895408537821],[-93.11551104005935,35.58887118455276],[-93.11548003076844,35.5887794852175],[-93.11545823110127,35.58876716423747],[-93.1154537898234,35.588653754618534],[-93.11541624011575,35.588587954378454],[-93.11535648086375,35.58850640452207],[-93.11529730054637,35.5884690243974],[-93.11518398010892,35.588526014604966],[-93.1151385505237,35.588597514235275],[-93.11507971081375,35.588708655326634],[-93.11507778061427,35.58877219414884],[-93.11503847063315,35.58889088416597],[-93.11500142059423,35.58895743466887],[-93.1149290911571,35.5890721843539],[-93.1148248113251,35.5891733548444],[-93.11472281108952,35.5892260753079],[-93.11469691136735,35.589250634911274],[-93.11460839057007,35.58936806510003],[-93.1145525703193,35.58943780533174],[-93.11452424086167,35.589513484772766],[-93.11451083093861,35.58954575424614],[-93.11437897976519,35.589593785310406],[-93.11434713148508,35.589605354918966],[-93.11417103069931,35.58963041476987],[-93.11415912107898,35.589632594532645],[-93.11407304015358,35.58962195534798],[-93.11394337006757,35.58958993488001],[-93.11382007993394,35.58957090471269],[-93.1137215901822,35.589557495386565],[-93.11360902037758,35.589576524594456],[-93.11354523060469,35.58961432530739],[-93.11347457030605,35.58967081476068],[-93.11346710963558,35.58967567449535],[-93.11345194076227,35.58971415430731],[-93.11338514079198,35.589771655337884],[-93.11323409969513,35.58973376459539],[-93.11310359099424,35.58967752554072],[-93.11295314041774,35.589645674984205],[-93.11286647060972,35.589629834739526],[-93.11274904080778,35.589683895215266],[-93.11260553978258,35.58974793511688],[-93.11252658065308,35.589763104379266],[-93.11247973045239,35.58974290503856],[-93.11235333009245,35.58971540431694],[-93.11221150018585,35.589737705452016],[-93.11208670035138,35.58974256518634],[-93.11206330971956,35.58976151539419],[-93.11204747031458,35.58977953528231],[-93.11198452060479,35.589909955162526],[-93.11180750011903,35.58993509536692],[-93.11165369029868,35.589998464749435],[-93.11155051015753,35.590103654564935],[-93.11149878977423,35.59019250468123],[-93.11151270993889,35.590271714871776],[-93.11148487977655,35.590364254990085],[-93.11146484000469,35.59041337498317],[-93.11140759969219,35.590482855385794],[-93.11134489932758,35.59050909469865],[-93.11130618013398,35.59054002478837],[-93.11117289903815,35.590652595067546],[-93.11110618056739,35.590703715540094],[-93.11097064880073,35.590786365327276],[-93.11090350952031,35.5908142756575],[-93.11086763015236,35.590834725754675],[-93.11073963901566,35.59089055581393],[-93.11069169945816,35.59095081511167],[-93.11073527994978,35.591055754829796],[-93.11077417991876,35.59108920476536],[-93.11093192022689,35.59114997552962],[-93.11103561013165,35.591147794520005],[-93.11119108947244,35.59114988548556],[-93.11131916942017,35.59116531540471],[-93.11143022986454,35.591156765166836],[-93.11155410966948,35.591152315412856],[-93.11168277011895,35.59113262582922],[-93.11187689974817,35.59111292494615],[-93.11193363908606,35.591161705024],[-93.11190221033432,35.59121526459138],[-93.1118778201167,35.591225405611546],[-93.11171353952801,35.5913234750698],[-93.11159619045664,35.59138793583231],[-93.11158151952188,35.59141383504132],[-93.11148386967557,35.59150678599596],[-93.11142134062442,35.59162455583381],[-93.11134757976755,35.59168515483246],[-93.11119762983445,35.59175732561833],[-93.11109168040437,35.59182966575418],[-93.11096519959608,35.591841895107294],[-93.11079814973311,35.59189948514008],[-93.11074089973924,35.591908614720744],[-93.11055850922666,35.5918869062042],[-93.11055137948222,35.59189026509882],[-93.11047409981414,35.59189151532387],[-93.11029330940256,35.59181381484477],[-93.11015047953154,35.59174022521781],[-93.1101021098398,35.591726474988135],[-93.1100384102507,35.59175841569702],[-93.10993599013995,35.59180342512561],[-93.10992776992478,35.59185455558222],[-93.10990547916283,35.591902085034704],[-93.10977907900434,35.59189436574768],[-93.10970430932457,35.59185338506465],[-93.10955946953946,35.59188171608576],[-93.10955041998835,35.59188498559913],[-93.10939242044465,35.59193661633537],[-93.10923248874307,35.59190442532142],[-93.10906879020249,35.591892184826],[-93.10900927905547,35.59188649602252],[-93.10883832096624,35.59192362110068],[-93.10868231192151,35.59195293043294],[-93.10858012872913,35.59191826371718],[-93.10801334340933,35.59179161794529],[-93.1076079851969,35.591663465789566],[-93.10728155604073,35.59140273384729],[-93.10679183071088,35.59101162305321],[-93.10646265688574,35.59055310051328],[-93.1061343950996,35.59016050619813],[-93.10596662347449,35.58970050103863],[-93.10596118243137,35.589304946728255],[-93.10603733251585,35.58897457978444],[-93.10579069519484,35.588647174440275],[-93.10562295857883,35.58818721553772],[-93.10553680994991,35.58779237648938],[-93.10545156878459,35.5874634908987],[-93.10520403212078,35.587070155053894],[-93.10511607640225,35.58654347883721],[-93.10502993204231,35.58614863931144],[-93.10494288355612,35.5856879173566],[-93.10485583720583,35.585227216940694],[-93.10460740447672,35.5847679261265],[-93.10452126567118,35.584373109555216],[-93.10451673903549,35.584043483161736],[-93.10442788327927,35.58345087691279],[-93.10434265239661,35.583121990283985],[-93.10409422918868,35.58266274512144],[-93.10392920073745,35.58240050267803],[-93.10344138281576,35.5821412387965],[-93.10310497645439,35.58203485559351],[-93.10309486071787,35.58198495663323],[-93.10308685300123,35.581951313645085],[-93.10307186904927,35.58191117387189],[-93.10306410497041,35.58187643065201],[-93.10305073016775,35.581847390700176],[-93.10298686018999,35.581714743923236],[-93.10294425392789,35.581513115716135],[-93.10285002253161,35.58135688399369],[-93.10279118974606,35.58131849924381],[-93.10275876567819,35.58129885543769],[-93.10272273718718,35.581262199524474],[-93.10267292920926,35.58120869435118],[-93.10264644083688,35.58118626474809],[-93.10262018061326,35.581167896008225],[-93.10252872961252,35.581091469128744],[-93.10250675844624,35.58107735794691],[-93.10247435415343,35.58105491169634],[-93.10241252360393,35.58100838103277],[-93.10237583339375,35.58096930372511],[-93.10235812597732,35.58094737693751],[-93.10232812186055,35.58091237032892],[-93.10229784017336,35.580882130107625],[-93.10222386355187,35.58083141424241],[-93.10213342560942,35.58078295019293],[-93.10203155824507,35.580747176655876],[-93.10200611364878,35.58073204584268],[-93.10197251428771,35.58071829604836],[-93.10192951969252,35.58070514657836],[-93.10189962553761,35.58069486591212],[-93.10186484483573,35.58068255162282],[-93.10183095599362,35.580668525224795],[-93.10176123045655,35.580610951986195],[-93.10172635083876,35.58058932272022],[-93.10169222970498,35.580562619179354],[-93.10159124937947,35.58048511221996],[-93.10157853722372,35.58046890662878],[-93.10154319191446,35.58043413604832],[-93.10151644668846,35.58040538038313],[-93.10140804939395,35.580326726294494],[-93.1013892801472,35.580304435985674],[-93.10134686109127,35.5802686551285],[-93.10126264272641,35.58019832631507],[-93.10116234762897,35.58011032853514],[-93.10112305612351,35.580083741876926],[-93.10109534667006,35.580063890790534],[-93.10099870450892,35.57998587746584],[-93.10089936403901,35.579913210443785],[-93.10086044117678,35.579886480026836],[-93.10074445612285,35.57977964226901],[-93.10070817558137,35.57975372920032],[-93.10066403694435,35.57971747436234],[-93.1006165871826,35.57967942797376],[-93.10049744093733,35.579575490539256],[-93.10042073847028,35.579513427568],[-93.10037973531968,35.579478614467185],[-93.1003712388027,35.579469627510335],[-93.10026938904831,35.57936189479373],[-93.1002281370684,35.57932568337675],[-93.10019894283901,35.579301665855645],[-93.10011757163431,35.57923471868438],[-93.10008969353707,35.57921283787289],[-93.10002825244926,35.579173705548506],[-93.0999596250902,35.57913358732877],[-93.0999192198361,35.5791133146017],[-93.09985963893291,35.57909931074189],[-93.09981356524167,35.57908448417731],[-93.09977794081887,35.579058495444315],[-93.09973893083274,35.57902317374118],[-93.0996765595305,35.578978607716515],[-93.09965146962024,35.57895586070921],[-93.09962113724762,35.578926063461594],[-93.09955872338125,35.57884698917718],[-93.09950737677622,35.5787976523046],[-93.09941267555612,35.57866498212053],[-93.09938784002505,35.578627335859316],[-93.09935476961222,35.57855822132121],[-93.09931765407781,35.57850240414406],[-93.09929912313594,35.578470281632626],[-93.09927435364163,35.57843328809233],[-93.09925081551171,35.57839240829066],[-93.09923202621695,35.57836017147049],[-93.09921017399473,35.578317034325444],[-93.09916057234685,35.5782386119991],[-93.099134540817,35.57818675744556],[-93.09911447792234,35.578149115314645],[-93.09908749162804,35.57810880275177],[-93.0990568616801,35.578071746357224],[-93.09903849476244,35.57804538886687],[-93.09901957771127,35.57801413402164],[-93.09901086736579,35.57798540084146],[-93.09899463731065,35.57793758935194],[-93.09897497961502,35.57789816789299],[-93.09895245454695,35.57786232205335],[-93.09893080733285,35.57782590744456],[-93.09890729047399,35.57778857647828],[-93.09888204838602,35.57774210862254],[-93.0988515829073,35.57769409870183],[-93.0988215551807,35.57764662399874],[-93.09879197688322,35.577602903421834],[-93.09874062926328,35.57752832701177],[-93.09869403953765,35.577465312246176],[-93.09862916050567,35.57739394053593],[-93.09859759054989,35.57735495433993],[-93.09854708357362,35.57727079794534],[-93.0985269011911,35.57723070420097],[-93.09849616596988,35.577177490939945],[-93.09847437015475,35.57709869845425],[-93.09847074620339,35.577053131634074],[-93.09849696048285,35.57687357032835],[-93.09855887795612,35.57671981232095],[-93.09857457677192,35.576678551346966],[-93.09859504747088,35.576635191916814],[-93.0986138418468,35.57659467317458],[-93.09867676707606,35.57645395855884],[-93.09868853504315,35.576422119503285],[-93.0987484643589,35.576264970076764],[-93.09875747071804,35.57624646609005],[-93.09876671556196,35.576218151870016],[-93.0987851547091,35.57616621930284],[-93.09880925447466,35.576068422872794],[-93.09882920218905,35.57601822655581],[-93.09883959245401,35.57598801249861],[-93.09887354799434,35.57593171128366],[-93.09889146511827,35.575896056755774],[-93.09891374910116,35.57585566944633],[-93.0989375792706,35.575800909338405],[-93.09896258037247,35.57575241839305],[-93.09902147200823,35.57565330127133],[-93.09904937611232,35.57561865378127],[-93.09907366091693,35.57559085735114],[-93.09914400665005,35.57552271352294],[-93.09921488435208,35.57544751284009],[-93.09927324108726,35.57538043554485],[-93.09930486179874,35.57535002723422],[-93.09934010218409,35.57531671349539],[-93.09937424633421,35.575280490999475],[-93.09940750639713,35.57524245508694],[-93.09943185497502,35.575211085259944],[-93.09945646425223,35.57517992349575],[-93.09949464099017,35.575141889813715],[-93.0995399505184,35.575090435362235],[-93.0995537933843,35.57507244667397],[-93.09956933669125,35.57505334573691],[-93.0995953362589,35.57501934527757],[-93.09961880283902,35.574992396969655],[-93.09964536556626,35.57496401877318],[-93.09971325679551,35.57492342589453],[-93.09978126431751,35.57487876910843],[-93.09982677512993,35.57485460756913],[-93.0998631578684,35.574829711510056],[-93.09990507694583,35.57478120724772],[-93.09995518557008,35.57473582673702],[-93.09997520904628,35.57471635686032],[-93.09997523109334,35.574716336103904],[-93.10000527328663,35.57468698926557],[-93.1000782324581,35.57463876124335],[-93.10011320481395,35.57460253153539],[-93.10017878812391,35.57450192865282],[-93.10020526681078,35.574467503881706],[-93.10028147735633,35.57427877666724],[-93.10029742669643,35.574235061833036],[-93.10030784056927,35.57421290213333],[-93.10035079241872,35.5741186692601],[-93.10035191510461,35.574104743117324],[-93.10048334150378,35.573855644347915],[-93.10048756012363,35.57384017288554],[-93.1004924285472,35.57382628238971],[-93.10050097846386,35.57380161671426],[-93.10055248834179,35.57357477696949],[-93.10055884769083,35.57353612208554],[-93.1005739142774,35.57336737950691],[-93.10057882348876,35.57334818902534],[-93.10058079761741,35.573329444608284],[-93.10064553541882,35.573106498851146],[-93.10068044529336,35.5729531490196],[-93.10073174266411,35.57282362983655],[-93.10085902336218,35.572666518551365],[-93.10089842583157,35.572597091247594],[-93.10094004077378,35.5725327816939],[-93.1009924025576,35.572445560999824],[-93.10100999610309,35.57241549037921],[-93.10102740993662,35.57238908695117],[-93.10104865109867,35.57235830546594],[-93.101067027853,35.57232710620546],[-93.10108278960162,35.57229899010146],[-93.10110496662274,35.57226560833999],[-93.10112548567128,35.57223635124896],[-93.10115126136357,35.57220284293268],[-93.10118916360884,35.572155401023316],[-93.10120742949988,35.57212651458738],[-93.10122815691648,35.572093636243096],[-93.1013046893009,35.57201345870137]]}},{"type":"Feature","properties":{"name":"MG GAP HOLLOW LOOP B","id":"2311B","atv":"open","motorcycle":"open","fourwd_gt50":null,"other_wheeled_ohv":"open","seasonal":"yearlong","trail_class":"TC3 - DEVELOPED"},"geometry":{"type":"LineString","coordinates":[[-93.07144408775488,35.58302578014266],[-93.07144963819297,35.58302662441033],[-93.07151071732066,35.58304338155192],[-93.07158438319368,35.58306822987157],[-93.07166926330802,35.58310424932075],[-93.0717337909021,35.58313115695645],[-93.07180639630224,35.58315239643805],[-93.0718681672301,35.583172382721294],[-93.07192271900381,35.583178117181845],[-93.0719953089938,35.583185736128115],[-93.07206581226637,35.58319388735423],[-93.07214463462722,35.58319347142541],[-93.07220551187129,35.58318053226216],[-93.07225326266179,35.58315839321593],[-93.07229894973632,35.58312926213686],[-93.07239527844351,35.583023050437546],[-93.07244533412484,35.58300012278381],[-93.07253389250985,35.58291522901037],[-93.07258530542137,35.58285651732031],[-93.07259655050851,35.58284310741639],[-93.07263760321798,35.582798750912794],[-93.07267303976712,35.58274193327394],[-93.07270276549514,35.58268882487927],[-93.07275816844061,35.58263160024426],[-93.07280951166803,35.58259871376007],[-93.07288213642526,35.58257209803638],[-93.07292140517163,35.58254843103473],[-93.07297406728762,35.582476641687],[-93.07302784566816,35.58246372624116],[-93.07307627786456,35.582467036626994],[-93.07317708241568,35.58243821080792],[-93.07325914350282,35.582417160466754],[-93.07333138279135,35.58239907708719],[-93.0733945959695,35.582381400397914],[-93.07348585922655,35.58236676590075],[-93.07357212599788,35.582345122196905],[-93.07366276501219,35.582320242417026],[-93.07377046017957,35.58228454577116],[-93.07386191867958,35.58226276253202],[-93.07395022700139,35.58224093787656],[-93.07401685926814,35.58223039898574],[-93.0740943889765,35.58221046891273],[-93.07415032568929,35.58219969307469],[-93.0743348240701,35.58215988668848],[-93.07442979714152,35.58215300614482],[-93.07451809529005,35.582149091596655],[-93.07467777950062,35.58217045942633],[-93.0747748292563,35.58216299124713],[-93.07485772939742,35.58214884689186],[-93.07495811024687,35.582128388125405],[-93.07511827229634,35.58210349104699],[-93.07522728903837,35.58209164200814],[-93.07541400931959,35.58207393129799],[-93.0754869605618,35.58206849733191],[-93.0755859871223,35.58205301874292],[-93.07570751909833,35.58202947323972],[-93.07596354410012,35.58196954492039],[-93.0760863425709,35.581959617768185],[-93.07617405541798,35.581938193997914],[-93.07626666950767,35.58192214184112],[-93.0763499926853,35.58190769323484],[-93.07662633351387,35.581824743051406],[-93.0766609375756,35.58181621932347],[-93.07675657751686,35.58177202324368],[-93.07691164739464,35.58173048423592],[-93.07699433965846,35.58171334864815],[-93.07707409876929,35.581700314714304],[-93.07715452012533,35.581703420869026],[-93.07725796782427,35.581702081470596],[-93.07735729842321,35.5817074700865],[-93.07745285359353,35.58170988467619],[-93.07755200755419,35.58171520832581],[-93.07765412876292,35.58171750131592],[-93.07772775053932,35.58170857524673],[-93.07778043560702,35.581694066058034],[-93.07785725058412,35.58166587935352],[-93.07792817950515,35.581643626604716],[-93.07799107878601,35.58162601803588],[-93.07806468468446,35.581598580749024],[-93.07814228609546,35.58157572575386],[-93.07819760405897,35.581559610627636],[-93.07831737961241,35.58152022421946],[-93.07840935840032,35.58148178809014],[-93.07846405896599,35.58146311073328],[-93.07862368134003,35.581437347362844],[-93.07872029397652,35.58141194503499]]}},{"type":"Feature","properties":{"name":"MG GAP HOLLOW SPUR SOUTH","id":"2340","atv":"open","motorcycle":"open","fourwd_gt50":null,"other_wheeled_ohv":"open","seasonal":"yearlong","trail_class":"TC3 - DEVELOPED"},"geometry":{"type":"LineString","coordinates":[[-93.08366482124256,35.571820886695],[-93.08362148654356,35.572174993581164],[-93.08343226875083,35.572412505229885],[-93.08335369091486,35.57253111776341],[-93.0832444594122,35.57275481085793],[-93.08310227764274,35.57291329608362],[-93.08286984907691,35.57302577567601],[-93.08286007175052,35.57302435146477],[-93.08283043733647,35.57302003485284],[-93.08263836892824,35.57299206017123],[-93.08258236217351,35.57297778291951],[-93.0825122186132,35.57296832476471],[-93.08238277189261,35.572925213035155],[-93.08226807428495,35.57304640753535],[-93.08218717120681,35.57312525053442],[-93.0820770352291,35.57323005319582],[-93.0818526901138,35.5734863858166],[-93.08168750800797,35.57358289415607],[-93.08153648630332,35.57371112836012],[-93.08140026463165,35.573831454754675],[-93.08130682084422,35.57407669854661],[-93.08126895505472,35.574280919925215],[-93.08126301338717,35.57430854803481],[-93.0812638891043,35.57436043607381],[-93.0812659692437,35.574483700369974],[-93.08126517870066,35.574516148877656],[-93.08121283399777,35.57470623837636],[-93.08119172547784,35.5747562964283],[-93.08117499546282,35.57499488734996],[-93.081174740341,35.575153332301085],[-93.08113712982549,35.57526568258385],[-93.08113931544301,35.57532845184559],[-93.08115731017517,35.57545070637387],[-93.08128170745341,35.57554156289404],[-93.08132584106367,35.575569553956214],[-93.0813671303642,35.575600599034445],[-93.0814125437661,35.575626995069264],[-93.08146091829298,35.57564247812171],[-93.08151755312412,35.57565303612285],[-93.08156295703448,35.57566237003177],[-93.08161537487,35.575674060617565],[-93.08164237861084,35.575677913150145],[-93.0816842923111,35.575691123801676],[-93.08170655878675,35.575703293718625],[-93.08174406087227,35.57572378912973],[-93.08174608254454,35.57587456031016],[-93.08150667643383,35.57607449827486],[-93.0811067572697,35.57634181295511],[-93.0808682046965,35.57660770353772],[-93.08087617803541,35.57720102693921],[-93.08088201589676,35.57763628750385],[-93.08087211003856,35.577646961662936],[-93.0808746692329,35.57766318617908],[-93.08086888856211,35.57776462204607],[-93.08087555452788,35.57781374259269],[-93.08088508499986,35.577862196694774],[-93.0808943147896,35.57792113908009],[-93.08089106674113,35.57795197524874],[-93.08079126338919,35.57804514014161],[-93.08041378950037,35.578030394365015],[-93.08014750949434,35.578032781665],[-93.07992731381759,35.57816166655308],[-93.07988536637781,35.57834334592162],[-93.07973319907282,35.578580402297284],[-93.07982463644394,35.57877901752936],[-93.07991070352959,35.578863054501944],[-93.07990785653465,35.57887360848797],[-93.07988963058708,35.57899530647168],[-93.07987921997318,35.57904815501231],[-93.07988252467403,35.579082831473706],[-93.07988770231566,35.57912857634326],[-93.07992711306997,35.57923939188114],[-93.07990515735635,35.579373021261695],[-93.07989646155754,35.5794077787093],[-93.07984336423533,35.579480982495184],[-93.07982973911005,35.579517836850954],[-93.07980426437325,35.57957676170741],[-93.07979120257829,35.57963634827353],[-93.07978872556232,35.57974511234474],[-93.07975310334491,35.57982089047227],[-93.07970617197266,35.57989399814423],[-93.07969559230419,35.57992907059685],[-93.07966394864192,35.57999687631542],[-93.07964396855652,35.58002521869255],[-93.0796179229406,35.580073030052844],[-93.07960092925775,35.58011453645136],[-93.07957625395862,35.58015631841571],[-93.07956250525093,35.58018563406143],[-93.07955162653084,35.58024207146891],[-93.0795378078858,35.58032458674599],[-93.07952398047972,35.58037370463751],[-93.07951394767221,35.580420612766844],[-93.07950059721695,35.580475491029105],[-93.07950049058907,35.5804759293049],[-93.07949127528067,35.580518032862074],[-93.07947543646193,35.58056454357823],[-93.07941835163572,35.58076549299431],[-93.07936404573873,35.58089822476396],[-93.07929298185152,35.581037784961644],[-93.07925620326596,35.58107799330857],[-93.07922580895827,35.58111182092799],[-93.07915068703791,35.581155741313886],[-93.0788268969769,35.58119672642991],[-93.07877704551264,35.58123020148676],[-93.07872499205598,35.58134938589061],[-93.07872217281596,35.58135584179424],[-93.07871784204177,35.581380938644564],[-93.07872029397652,35.58141194503499]]}},{"type":"Feature","properties":{"name":"MG BLACK OAK RIDGE A","id":"2306","atv":"open","motorcycle":null,"fourwd_gt50":null,"other_wheeled_ohv":null,"seasonal":"yearlong","trail_class":"TC3 - DEVELOPED"},"geometry":{"type":"LineString","coordinates":[[-93.09169731307384,35.56378729355551],[-93.09159585070141,35.56391473282541],[-93.09149963161231,35.56405752058829],[-93.09138573636345,35.56415269510374],[-93.091189204597,35.564443981707484],[-93.09115598266214,35.564499596853274],[-93.09111537862528,35.56456919509641],[-93.09106848786519,35.56463880258229],[-93.09100192609273,35.56481298315082],[-93.09098503058618,35.56485033092168],[-93.09096784112278,35.56488927034093],[-93.09095650993872,35.56492605397821],[-93.09067654428361,35.5653403033311],[-93.09049868994259,35.5655828066498],[-93.09043078048842,35.56573986086708],[-93.09042912094479,35.56587259359816],[-93.09042925918375,35.565895450561584],[-93.0904272403401,35.56590875425768],[-93.09039170052908,35.565989513692045],[-93.09038655308258,35.566029254584144],[-93.0903868683443,35.566052530685965],[-93.09037590852589,35.566072523281676],[-93.09033303682801,35.56614153416048],[-93.09029813240807,35.566186844348685],[-93.09027275859536,35.56620808751119],[-93.09020085395281,35.566260268964534],[-93.09006002041338,35.56637333864649],[-93.09003272660225,35.56638988374343],[-93.08999959374017,35.56641210823729],[-93.0899675413272,35.56644233143764],[-93.08993893109027,35.56647775373445],[-93.08983873740024,35.566612356915115],[-93.08979380777039,35.5667425151577],[-93.0896934670205,35.56691896162505],[-93.0895972307076,35.56698709944383],[-93.08953551576539,35.56698144680598],[-93.08947902012478,35.56694761070492],[-93.08948688753955,35.566840693318056],[-93.08952189004293,35.566787655174195],[-93.08952757444331,35.56674111541359],[-93.089592005095,35.566647719661276],[-93.0896104947481,35.56661400009006],[-93.08961699088712,35.56654926423478],[-93.08961932340362,35.56652318470889],[-93.08959893050879,35.566483838828255],[-93.0895876363863,35.56643273575809],[-93.08959380906099,35.566407533398106],[-93.08958137701178,35.56634831533619],[-93.08956302882736,35.56625524796364],[-93.08951578469554,35.566214602883626],[-93.08945990880329,35.566226548967045],[-93.08940372979926,35.56628353854649],[-93.08936999983719,35.566301822157364],[-93.08926384695708,35.566395174758696],[-93.08924910241976,35.56640784587403],[-93.08923467613263,35.56642091258049],[-93.08922184207707,35.56644379357086],[-93.08901957840398,35.566610372274354],[-93.08891178487372,35.56662481795677],[-93.08881859047325,35.566615760053914],[-93.08853199321813,35.5668031571349],[-93.08836630351175,35.566986448979335],[-93.08814760206725,35.5671211168107],[-93.0880004840996,35.567342370648205],[-93.08792251920511,35.56738608316774],[-93.08781923348278,35.567433877861795],[-93.0876387308106,35.56751944593042],[-93.08763007862947,35.567524148060876],[-93.08758543891085,35.56754925383914],[-93.08755358799378,35.56756712261361],[-93.08753048236117,35.56758066337791],[-93.08748186388621,35.567582036728986],[-93.08744850381785,35.56757906832445],[-93.0873624842417,35.567549139699125],[-93.0873079002965,35.5675426268828],[-93.08726203432792,35.56753405104722],[-93.08721583837792,35.56752442770487],[-93.0871307766164,35.56751877359252],[-93.08709381938957,35.56751817274166],[-93.08705217270085,35.56751098323491],[-93.08701321310348,35.56749762803194],[-93.08697461806871,35.56748156126395],[-93.08694170760931,35.567475904548516],[-93.08689207893295,35.56748293630197],[-93.08687167446152,35.56748706617926],[-93.08674759291686,35.56751858556218],[-93.08672929203615,35.56752192585157],[-93.08670326181601,35.567520035761945],[-93.08663337842945,35.56751046168903],[-93.08661083898748,35.56750676575245],[-93.08655025417531,35.56750446314424],[-93.08646375021365,35.56749784121452],[-93.08640643038713,35.56750029605153],[-93.08639097106727,35.56750461435653],[-93.08629014130346,35.56749938210563],[-93.08624403536496,35.56749433424697],[-93.08618968861153,35.56750103366909],[-93.08615905654646,35.56750112318881],[-93.08610583426054,35.56751295040732],[-93.08607382461189,35.567516834169695],[-93.08602629299689,35.56750981351359],[-93.08598357736527,35.5675059957043],[-93.08593744123657,35.567494362932464],[-93.08588050025453,35.56748679711015],[-93.08581571805615,35.56749527285236],[-93.08573459360446,35.56749766135928],[-93.08569314112144,35.56750069606071],[-93.08566054169016,35.56749480163807],[-93.0856411307241,35.56748995728837],[-93.08560397024979,35.567491225264746],[-93.08556327480272,35.56749530440709],[-93.08531840395041,35.56761390457652],[-93.08509479487844,35.56768806629495],[-93.0850595647212,35.56769903008599],[-93.08500414756651,35.567709125377434],[-93.08488799982779,35.567744143804504],[-93.08485668870418,35.56776385177271],[-93.08482283882498,35.567792432042296],[-93.08468204324949,35.56794292326654],[-93.08458349549615,35.56799468817476],[-93.08451900709973,35.568020742662725],[-93.08447588968781,35.568035956823316],[-93.08432483570559,35.56802337532575],[-93.08420761641678,35.56795996331919],[-93.08418666130652,35.56792533710944],[-93.08412237823134,35.56787127882254],[-93.08411272345424,35.56784187523893],[-93.08410348921579,35.56772278422017],[-93.0841066870139,35.56769083620287],[-93.08413574585143,35.56755701871225],[-93.08413593931323,35.56751195274606],[-93.08424661884094,35.56720057668679],[-93.08425259873391,35.5670612445042],[-93.08424572888654,35.56697131870492],[-93.08411302635507,35.566861416134905],[-93.08398541894975,35.56681367026412],[-93.08377212558511,35.566864481096175],[-93.0836446159755,35.56710603039362],[-93.08366514474017,35.567223525800685],[-93.08343143244689,35.56756183073119],[-93.08329025722463,35.56764617577991],[-93.0825429429463,35.56770871850031]]}},{"type":"Feature","properties":{"name":"MG BLACK OAK RIDGE SPUR NW","id":"2338","atv":"open","motorcycle":"open","fourwd_gt50":null,"other_wheeled_ohv":"open","seasonal":"yearlong","trail_class":"TC3 - DEVELOPED"},"geometry":{"type":"LineString","coordinates":[[-93.09634306653035,35.56690920834663],[-93.09625155773242,35.567057490774445],[-93.0961808926826,35.56714795834374],[-93.09613966969343,35.56722438159513],[-93.09611490825854,35.56726948339669],[-93.09607835567415,35.567380397677546],[-93.09601633735228,35.56748460855702],[-93.09595749129798,35.56759322689298],[-93.09594250651627,35.56761750697486],[-93.09592337445126,35.56764166051576],[-93.09590648176915,35.567662361622574],[-93.09587882571537,35.56769007086722],[-93.0958355731708,35.567753881411065],[-93.09578848865233,35.56783220177696],[-93.09577289164667,35.56792910284941],[-93.09578722484969,35.56804989845228],[-93.09582367640964,35.56810565242731],[-93.095862696756,35.568161125735564],[-93.09588459620751,35.56819123365114],[-93.09594393582255,35.568257355593204],[-93.09597264736927,35.56828821997274],[-93.09604320599091,35.568370164262504],[-93.09609319353022,35.56841897721736],[-93.09615217092323,35.56849199072271],[-93.09619465800333,35.56858166288394],[-93.09620744364581,35.56862028245788],[-93.09621529219488,35.56864893091712],[-93.09622863502537,35.56868651854581],[-93.0962406863832,35.56870261345699],[-93.09626485397406,35.568727213960194],[-93.09628359103266,35.56874541972192],[-93.09631589908109,35.56876957190016],[-93.09634594024855,35.56878895971199],[-93.09640519021461,35.56881917112008],[-93.09643459985581,35.568838284408635],[-93.09646012942054,35.56885374276411],[-93.09649672143661,35.56887776343009],[-93.09653341288383,35.56889449769927],[-93.09657123332342,35.56891217869641],[-93.09661646978401,35.56893726447342],[-93.09665419407503,35.56895847371288],[-93.09671129450656,35.56897763776423],[-93.09675676144967,35.56899242455504],[-93.09684280924594,35.56900310684558],[-93.09687943694496,35.569010781191324],[-93.09693624013492,35.56901031175159],[-93.0969843927612,35.56900823978329],[-93.0970232344295,35.56900235225557],[-93.09706719838081,35.56899700248825],[-93.09710672448884,35.56898674223842],[-93.09713391731948,35.56897752882099],[-93.09726349021868,35.56891923759796],[-93.09731074276966,35.568884718225135],[-93.09733359904855,35.56886132336423],[-93.09739215479006,35.56883001646042],[-93.09745964635711,35.568819035615654],[-93.09750651227567,35.568846253968374],[-93.09753254512616,35.5688943733831],[-93.09753776458585,35.56896689590018],[-93.0975570089192,35.56909558402489],[-93.09757741965045,35.56915680727777],[-93.09761562540548,35.56922164980449],[-93.09764088543311,35.56924023958825],[-93.09768987549131,35.56926610816713],[-93.09774736981784,35.5693057228339],[-93.0978218862349,35.569334020466606],[-93.09787819353684,35.56936208758686],[-93.09789210168685,35.56939282827157],[-93.09788738944121,35.56941187783794],[-93.0978332874261,35.56947219133727],[-93.09781405249286,35.569488781238064],[-93.09775970336118,35.56954561720603],[-93.09769817879477,35.5696106911093],[-93.09767342643973,35.56965224517813],[-93.09764051776799,35.569707624670855],[-93.09763870474023,35.56973594093105],[-93.09763966278392,35.56976425494679],[-93.09763794203853,35.56979950488819],[-93.09764463479185,35.56982916674715],[-93.09766017076569,35.569853589116256],[-93.09770557256178,35.569882338687385],[-93.09773573070464,35.569895653381984],[-93.09776478711036,35.56990138961864],[-93.09779956560155,35.569903524489625],[-93.09790609561772,35.56989683337119],[-93.09794609624804,35.56989625988406],[-93.0979923629,35.56989833667575],[-93.09805481821226,35.56989522295892],[-93.09809419491908,35.569897036620944],[-93.09819050564128,35.569903793691815],[-93.09833620860087,35.56989023210133],[-93.09849329064784,35.56989393772263],[-93.09858071054802,35.569894028568484],[-93.09860068080854,35.56988948049983],[-93.0986341053452,35.56989081015447],[-93.09876753569652,35.56989732359748],[-93.09881276897481,35.56989903574909],[-93.0988610928082,35.569901187162145],[-93.09888711314098,35.56990225682877],[-93.09891071791007,35.56989807270265],[-93.09895116986883,35.56988670655781],[-93.09900125098817,35.56986675320901],[-93.09909248859815,35.56981165812927],[-93.09911203027447,35.5698050356113],[-93.09923984200188,35.569737092364264],[-93.09926863474521,35.56972765353806],[-93.09932827992628,35.56967784276264],[-93.09934881192666,35.56965372270101],[-93.09936172483964,35.56962423142248],[-93.09937148267676,35.56960014007277],[-93.0993856652309,35.56957556268711],[-93.09939874308283,35.5695581183318],[-93.09945070770148,35.5694899560531],[-93.09946562815662,35.56947135063704],[-93.09950753648133,35.56940549676114],[-93.09952818639509,35.5693795552198],[-93.09954549581299,35.56936433625525],[-93.0995670517617,35.56935447324131],[-93.09959090509108,35.56935600619529],[-93.09962713350427,35.56936172343554],[-93.09968079766864,35.56938652248246],[-93.09970055438428,35.56939771196148],[-93.09977063642589,35.56942787127624],[-93.09980105724595,35.56943929085242],[-93.09982460540638,35.569451895481606],[-93.09984225907989,35.56945979021393],[-93.09999363678888,35.569552062240234],[-93.10005806745836,35.569578490501755],[-93.10034853585164,35.56965858957802],[-93.10049752084565,35.56973052243881],[-93.10053677455275,35.56976729001179],[-93.10056003895399,35.569834370251456],[-93.10057479153377,35.56988910666542],[-93.1006562082755,35.57005619813333],[-93.1006881456034,35.57014510026108],[-93.10071703574327,35.57026200232937],[-93.10074401407098,35.570307987824656],[-93.10076806082051,35.57034652806319],[-93.10079604114452,35.570390659800026],[-93.10079981448132,35.57045336430153],[-93.10081657257501,35.57089483932918],[-93.10090612374611,35.5710693976443],[-93.10092735956898,35.57111555290203],[-93.10092703015773,35.571141520043156],[-93.10084861142289,35.57138576833089],[-93.10082688202374,35.57156050178055],[-93.10082400924465,35.57160533554593],[-93.1008253761841,35.57162790111173],[-93.10083117378063,35.57164846669981],[-93.10083956644394,35.571672953233005],[-93.10084613962958,35.57170212630504],[-93.10085383895998,35.57171141866814],[-93.10089529822763,35.57176093732377],[-93.10091189719616,35.571783574894766],[-93.1009213150953,35.571793062376386],[-93.10093180650392,35.57180583189702],[-93.10096476476227,35.57183771759866],[-93.1009877641175,35.57185816057158],[-93.10099981136297,35.57186984138267],[-93.10101457580068,35.57188161549158],[-93.10104533145385,35.571898659013115],[-93.10108211688693,35.571913686772724],[-93.10113919641479,35.571943566746455],[-93.10121158134255,35.571980917609295],[-93.1013046893009,35.57201345870137]]}}]}